:020000040800F2
:100000008810002001010008BD8F00085962000817
:10001000818A0008B90E000831C9000800000000FC
:100020000000000000000000000000004DC60008B5
:100030001D1B00080000000065C2000899C70008E9
:100040001B0100081B0100081B0100081B01000820
:100050001B0100081B0100081B0100081B01000810
:100060001B0100081B0100081B0100081B01000800
:100070001B0100081B0100081B0100081B010008F0
:100080001B0100081B0100081B0100081B010008E0
:100090001B0100081B0100081B0100081B010008D0
:1000A0001B0100081B0100081B0100081B010008C0
:1000B0001B010008A1C700081B0100081B01000864
:1000C0001B0100081B0100081B0100081B010008A0
:1000D0001B010008B9C8000819C9000825C9000893
:1000E000691F00081B0100081B010008DFF80CD085
:1000F00000F09CFA0048004755CE00088810002008
:100100000648804706480047FEE7FEE7FEE7FEE7B1
:10011000FEE7FEE7FEE7FEE7FEE7FEE79DC7000815
:10012000ED00000840EA01039B0703D009E008C97D
:10013000121F08C0042AFAD203E011F8013B00F8AC
:10014000013B521EF9D27047D2B201E000F8012BF8
:10015000491EFBD270470022F6E710B513460A4647
:1001600004461946FFF7F0FF204610BD30B505469E
:100170002A460B4612F8010B13F8014B08B1A042B6
:10018000F8D01CB1002802D06D1CF1E7284630BD24
:10019000CAB2401E10F8011F8A4202D00029F9D1CC
:1001A00000207047421C10F8011B0029FBD1801A67
:1001B000704730B504460020034600E05B1C9342C4
:1001C00003D2E05CCD5C401BF8D030BD10B50446D6
:1001D00000E0401C0378002BFBD100E0401C521EC5
:1001E00004D311F8013B0370002BF7D100210170FB
:1001F000204610BD30B505460020034600E05B1CDC
:10020000934205D2EC5CC85C201A01D1002CF6D1D7
:1002100030BD10B5484304460DF014FE002805D04B
:100220000021002C02D0641E0155FAE710BD30B544
:100230000B46014600202022012409E021FA02F5A4
:100240009D4205D303FA02F5491B04FA02F528443E
:10025000151EA2F10102F1DC30BD2DE9F05F05466B
:10026000002092469B4688460646814640241BE075
:10027000284641464746224600F0FFF953465A4673
:10028000C01A914110D311461846224600F0E6F9F3
:100290002D1A67EB01084F4622460120002100F08D
:1002A000DDF917EB00094E41201EA4F10104DFDC4B
:1002B000484631462A464346BDE8F09F2DE9FE4FA9
:1002C000804681EA0300C00F0C46009021F00041F7
:1002D00023F00045B8EB0200A94105D24046214673
:1002E00090461C460B46024623F00040104347D080
:1002F000270DC7F30A00C3F30A510290401A019078
:1003000040286BDAC3F3130040F4801B0098924638
:1003100020B10023D2EB030A63EB0B0B0198594683
:10032000C0F14002504600F099F906460D4650468D
:100330005946019A00F0B1F910EB08006141002420
:1003400087EA115284EAE7731A4340D0009A62B3F5
:10035000019A012A4FEA075215DC001B61EB0201EA
:100360004FF0004202EA0752CDE90042001C41F57D
:10037000801132462B4600F0B1F903B0BDE8F08F92
:1003800040462146F9E7001B61EB0201001C41F5E4
:10039000801300185B412018A2F5001747EB0301FA
:1003A00040EAD570B6196D4111E06D084FEA360686
:1003B00045EAC0754FEA0752001B61EB0201001CC1
:1003C00041F5801149084FEA300000195141324689
:1003D0002B4603B0BDE8F04F00F071B90098012240
:1003E00040000023D0EB020263EBE073009821464B
:1003F0004FEAE074B8EB000061EB0401E9E783F039
:1004000000435BE781F0004158E72DE9FE4F81EAA8
:10041000030404F0004421F0004100944FF0000B6D
:1004200023F0004350EA01045ED052EA03045BD09B
:10043000C3F30A54C1F30A552C44A4F2F3340194D3
:10044000A0FB0254C1F3130141F48011C3F3130361
:1004500043F4801301FB024400FB034E840A970A15
:1004600044EA815447EA8357A4FB076802958D0A42
:1004700005FB07854FEA932C04FB0C542705029DCE
:100480004FEA065847EA1637B5EB08056EEB070C3E
:10049000870E920E47EA811742EA8312A7FB0201F8
:1004A000B6EB0B0164EB00042B0D43EA0C335E1832
:1004B00044EB1C50DA465146E7FB0201C5F3130436
:1004C0004FEA0B3343EA14534FEA0432019C43EAE8
:1004D0000603A4F10C040294009CCDE900B400F0E2
:1004E000FDF803B0BDE8F08F00200146F9E72DE9E3
:1004F000F04D81EA030404F0004B21F0004514465E
:100500004FF0000A23F0004150EA050220D054EADF
:1005100001021DD0C5F30A570246C5F31303C1F308
:100520001300C1F30A5640F4801543F48013A7EB7F
:100530000608101BD64608F2FD3873EB050002D3FF
:1005400008F1010801E092185B41B8F1000F03DAED
:1005500000200146BDE8F08D00204FF480110646D2
:1005600084460EE0171B73EB050705D3121B63EBE4
:10057000050306434CEA010C49084FEA3000921883
:100580005B4150EA0107EDD152EA030012D082EA42
:10059000040083EA0501084305D0101BAB4106D2D5
:1005A0000122002306E000224FF0004302E06FF03A
:1005B000010253101AEB06004CEB085110EB0A0035
:1005C00041EB0B01BDE8F04D00F079B8C1F30A52E0
:1005D000C1F3130140F2FF3341F480119A4202DA71
:1005E00000200146704740F233439A42A2F2334260
:1005F00002DC524200F041B800F030B830B5041EC1
:1006000071F1000404DB4FF00044404264EB01014F
:10061000141E73F1000405DB1C464FF000435242E8
:1006200063EB0403994208BF904230BD1CB50948F2
:100630000090094801900546009C06E0E06840F003
:10064000010394E8070098471034AC42F6D3FFF753
:1006500051FD000074EC000894EC0008202A04DB33
:10066000203A00FA02F1002070479140C2F12003C5
:1006700020FA03F3194390407047202A04DB203A04
:1006800021FA02F00021704721FA02F3D040C2F1B2
:1006900020029140084319467047202A06DBCB17F9
:1006A000203A41FA02F043EAE07306E041FA02F32D
:1006B000D040C2F12002914008431946704710B55E
:1006C000141E73F1000408DA401C41F10001921875
:1006D0005B411A4301D120F0010010BD2DE9F04D1E
:1006E00092469B4611B1B1FA81F202E0B0FA80F273
:1006F00020329046FFF7B2FF04460F4640EA0A0058
:1007000041EA0B0153465A46084313D0114653EAB7
:10071000010019D0C8F140025046FFF7AEFF054670
:100720000E46504659464246FFF798FF084305D00B
:10073000012004E020463946BDE8F08D0020054345
:1007400046EAE0762C4337430A986305E40AA0EBB7
:1007500008000022FD0A44EA47540A3002D500206E
:100760000146E9E7010510196941DDE9084500196D
:100770006941BDE8F04DA2E780B540F63C10C2F2F9
:1007800000000168CA6842F01002CA6040F26011BD
:10079000C2F20001C82205F031FC40F23C10C2F266
:1007A00000000021418080BDFF2884BFFF207047EA
:1007B00080B584B0024601200DF10F01CDE9001093
:1007C00040F634004FF47A7CC2F20000A1210123EC
:1007D000CDF808C003F036F99DF80F0004B080BDD5
:1007E000FF2888BF70472DE9F04F85B004461044BC
:1007F000B0F5807F88BFC4F58072100426D040F623
:1008000034080D4697B200264FF47A794FF0010A6A
:100810000DF1130BC2F2000805E000BFFF20A85540
:100820000136B74212D0A01982B2FF2AF6D840464C
:10083000A1210123CDE900BACDF8089003F002F917
:100840009DF81300A8550136B742ECD105B0BDE8BC
:10085000F04F70472DE9F04F85B00546C4B24FF414
:10086000FA70029040F634008DF8121001260DF156
:100870001207C2F20000A021224601230097019630
:1008800003F086FA0A2002F0F5FEFF2D2CD99DF820
:100890001200FF2864D040F634004FF4FA750126A8
:1008A000C2F20000A02122460123CDE90076029584
:1008B00003F06EFA0A2002F0DDFE9DF81200FF2818
:1008C0004ED040F63400C2F20000A021224601239F
:1008D000CDE90076029503F05BFA0A2002F0CAFE29
:1008E00005B0BDE8F08F00BF40F634004FF47A7ACF
:1008F0000DF11308C2F20000A1212A460123CDE91F
:100900000086CDF808A003F09DF89DF813009DF82F
:100910001210884224D040F63406C2F200064FF48A
:10092000FA7B4FF001093046A02122460123CDE990
:100930000079CDF808B003F02BFA0A2002F09AFEF5
:100940003046A1212A460123CDE90089CDF808A02F
:1009500003F078F89DF813009DF81210884203D137
:1009600005B0BDE8F08F00BF40F63406C2F20006C5
:100970003046A021224601230097CDF808B0CDF8DB
:10098000049003F005FA0A2002F074FE4FF47A771F
:100990003046A1212A460123CDE90089029703F0C0
:1009A00051F805B0BDE8F08FFF2884BF01207047E3
:1009B000F0B581B004461044B0F5807F88BFC4F51F
:1009C0008072100416D090B20D4646424FF0FF30B0
:1009D000471C2844E219417890B2FFF73BFF0520FD
:1009E00002F048FEF01901303846F1D1002001B084
:1009F000F0BD00BF012001B0F0BD00002DE9F04FB7
:100A000087B008F0DDFA81A2002000210223002631
:100A100008F09CFD08F0C6FD4EF66F450FF2542A13
:100A2000C0F600050FF2382B85A70FF2202900240D
:100A30001EE000BF002020213A460123002608F0D6
:100A400085FD08F0AFFD0AF027F900285AD040F2E2
:100A5000DC584A46002020210123002408F076FDBE
:100A600008F0A0FD404602F005FE642002F002FE00
:100A7000F0B20428F9D8DFE800F00523031D4D008B
:100A8000D8E700BF002010215246012308F05EFD88
:100A900008F088FD09F024FE20B90120012609F0A4
:100AA0003FFD88B3002018212A4601230134002687
:100AB0001EE000BF0AF0A4FA002863D10426D4E7A0
:100AC00008F07EFA002010215A46012308F03EFD6E
:100AD00008F068FD09F004FE20B90220022609F0A2
:100AE0001FFDA8B1002018212A4601230134012648
:100AF00008F02CFD08F056FDE0B2022842D840F282
:100B0000DC50B0E70326B0E74FF4FA785DA2A1E726
:100B10000024AAE706F022FB40F23C15C2F20005D1
:100B20002878C10702D1012100261BE0810703D4E8
:100B30000221012616E000BF410703D4042102264A
:100B400010E000BF010703D4082103260AE000BF1C
:100B5000C10603D41021042604E000BF810645D459
:100B600020210526B41C08432870022021460AF0E3
:100B700063FB38B301202978B04021EA00002870D7
:100B80000BF066FD08F01CFA42A2002010210123A0
:100B900008F0DCFC08F006FD4FF4FA6002F06AFD94
:100BA00040F24110C2F20000007828B107F06AFF5D
:100BB00007B0BDE8F08F00BF07F0D4FE07B0BDE876
:100BC000F08F00BF0BF044FD08F0FAF917A20020E7
:100BD0001021022308F0BAFC01AD17A128462246D5
:100BE0000CF07AFC002020212A46D0E708F0E8F932
:100BF0000AA200201021012308F0A8FC08F0D2FC72
:100C00004FF4FA6002F036FDBCE700BF4164642097
:100C100046696E6765727072696E740053746F72A4
:100C20006167652066756C6C21000000456E726F0F
:100C30006C6C204F4B21000049443A202564000091
:100C40004D61746368696E672E2E2E004E6F74209E
:100C50006D617463682C2072657472790000000005
:100C6000416761696E2073616D652066696E6765B5
:100C700072000000506C6163652066696E67657282
:100C80002E2E2E0046696E676572204F4B2C206C0D
:100C900069667400456E726F6C6C206661696C6584
:100CA000642100002DE9F04385B00020CDF80B0051
:100CB0000290CDF80300009002A910200622FFF751
:100CC0008FFD9DF80800FF3810F1FF0F0CD843F29C
:100CD0003560039043F23120C3F23340029002A901
:100CE00010200622FFF760FE4EF6B8394EF6CA36DF
:100CF0004EF6A8350FF2A808C0F60009C0F60006A7
:100D00006F4602ACC0F6000508F05AF90020082131
:100D10004246022308F01AFC002010214A46012313
:100D200008F014FC002038213246012308F00EFCA4
:100D300008F038FC3846062105F0D0FEA0B9384648
:100D400021460622FFF735FA20B308F039F90020D2
:100D500010212A46022308F0F9FB08F023FC40F298
:100D6000DC5002F087FCCFE708F02AF94EF67F222C
:100D7000C0F60002002010210123002408F0E6FB49
:100D800008F010FC4FF47A7002F074FC204605B0B5
:100D9000BDE8F0830124204605B0BDE8F08300BF24
:100DA00041646D696E204C6F67696E0010B540F24A
:100DB00008140A2828BF0A20C2F2000404F8040B11
:100DC000012004F8030C40F60000C4F201004FF4C7
:100DD0000061002202F078FD20466421BDE8104049
:100DE0000BF0CCBC10B586B00020CDE90400CDE9F5
:100DF000020041F21800C4F20200016840F600044B
:100E000041F0040101600068C4F2010400F0040034
:100E1000019001984FF4006002900120039002209D
:100E2000059002A9204602F039FC20464FF40061EB
:100E3000012202F049FD06B010BD0000B0B540F23D
:100E40000815C2F200056878A0B32C1D20460BF0EF
:100E500081FC78B36878022814D0012818BFB0BD8F
:100E600040F60000C4F201004FF40061012202F0DC
:100E70002BFD0222204664216A70BDE8B0400BF0D1
:100E80007DBC00BF287801380106287010D00120F1
:100E9000687040F60000C4F201004FF400610022C7
:100EA00002F012FD20466421BDE8B0400BF066BCA4
:100EB00000206870B0BD0000FEE700002DE9F04F93
:100EC00083B040F6000BC4F2010B01920E460746B8
:100ED0004FF08A094FF0000A5846102100228DF881
:100EE00009908DF80BA002F0EFFC40F69C04C2F2D2
:100EF00000040DF10901204601224FF0FF3303F0F9
:100F00001FFF0DF10B01204601224FF0FF3303F0CC
:100F100017FE58461021012202F0D6FC9DF80B0066
:100F20000A2100F0FB008DF809108DF80A005846E0
:100F30001021002202F0C8FC0DF109012046022216
:100F40004FF0FF33022503F0FBFE5846102101222B
:100F500002F0BAFC584610210022ADF8095002F008
:100F6000B3FC0DF10901204602224FF0FF3303F0DC
:100F7000E7FE58461021012202F0A6FC94208DF8CD
:100F800009005846102100228DF80BA002F09CFCAD
:100F90000DF10901204601224FF0FF3303F0D0FE8E
:100FA0000DF10B01204601224FF0FF3303F0C8FD85
:100FB00058461021012202F087FC9DF80B001421F5
:100FC00040F080008DF809108DF80A005846102175
:100FD000002202F079FC0DF10901204602224FF0B7
:100FE000FF3303F0ADFE58461021012202F06CFCE5
:100FF0000EB340F69C047D1E4FF01208C2F20004AE
:101000000DF1090715F8010F10218DF80A00584657
:1010100000228DF8098002F057FC20463946022252
:101020004FF0FF3303F08CFE58461021012202F0EE
:101030004BFC013EE6D140F20230ADF809005846C3
:101040001021002202F040FC40F69C04C2F2000491
:101050000DF109062046314602224FF0FF3303F01E
:101060006FFE58461021012202F02EFCFF250DF1E3
:101070000B0700BF5846102100228DF809908DF80B
:101080000BA002F021FC2046314601224FF0FF3335
:1010900003F056FE2046394601224FF0FF3303F09D
:1010A0004FFD58461021012202F00EFC013D28069A
:1010B00004D09DF80B0010F00400DBD0C4208DF8A4
:1010C000090000255846102100228DF80B5002F02F
:1010D000FBFB40F69C04C2F200040DF1090120461E
:1010E00001224FF0FF3303F02BFE0DF10B012046E0
:1010F00001224FF0FF3303F023FD58461021012257
:1011000002F0E2FB9DF80B00019E10213070C2201E
:101110008DF80900584600228DF80B5002F0D4FBE0
:101120000DF10901204601224FF0FF3303F008FEC4
:101130000DF10B01204601224FF0FF3303F000FDBB
:1011400058461021012202F0BFFB9DF80B00707081
:1011500003B0BDE8F08F0000B0B584B040F2401499
:10116000C2F200042078012812D002F0B3FB40F252
:101170002825C2F200052968401A322808D302F057
:10118000A9FB28600DF10E0152200AF0B9FE08B14A
:1011900004B0B0BD0DF10A000AF056FA0028F7D1EC
:1011A0000DF10A0005F072FCA0B119A00CF080FE50
:1011B0009DF80A109DF80B209DF80C309DF80D50FD
:1011C0000320009506F0B6F901F03CFE0AF07EFE21
:1011D00004B0B0BD13A00CF06BFE0220FFF7E6FDDB
:1011E00007F0EEFE14A200201021022308F0AEF951
:1011F00008F0D8F94FF4487002F03CFA2078002843
:1012000008BF07F0AFFB0AF061FE04B0B0BD00BF3D
:101210004361726420617574686F72697A65640DE8
:1012200000000000556E617574686F72697A6564BC
:1012300020636172640D0000556E617574686F7291
:10124000697A65642100000010B5802000F0AEF8D6
:10125000010901EB810100F00F0040F2240400EBD2
:101260004100C2F200042070822000F09FF80109C2
:1012700001EB810100F00F0000EB41006070842061
:1012800000F094F8010901EB810100F00F0000EB80
:101290004100A070862000F089F8010901EB81016E
:1012A00000F00F0000EB4100E070882000F07EF8B5
:1012B000010901EB810100F00F0000EB41002071FA
:1012C0008A2000F073F8010901EB810100F00F00A2
:1012D00000EB410060718C2000F068F8010901EB1F
:1012E000810100F00F0000EB4100A07110BD000073
:1012F00010B586B00020CDE90400CDE9020041F22E
:101300001800C4F20200016840F6004441F00801F0
:1013100001600068C4F2010400F008000190019827
:1013200038200290012003900320059002A9204656
:1013300002F0B4F920462021002202F0C5FA20462E
:101340000821002202F0C0FA20461021002202F0FB
:10135000BBFA06B010BD000010B50446FFF774FFDD
:1013600040F22400C2F200008179643911F1500F7B
:1013700008D301790D3911F10C0F03D3C17800297D
:1013800018BF10BD2178627801702179A37894F894
:1013900003C0427001716179A279837080F803C043
:1013A00041718271BDE8104000F064B92DE9F04F41
:1013B00085B040F60044C4F2010440F00105204627
:1013C00020210022002602F07FFA00BF00BF00BFEC
:1013D00000BF00BF00BF00BF20460821002200BFA1
:1013E00002F072FA00BF00BF00BF00BF00BF00BF25
:1013F00000BF20462021012200BF02F065FA00BF95
:1014000000BF00BF00BF00BF00BF00BF284600BF35
:101410000BF0F4FB1020CDE9010601A9204604964B
:10142000039602F03BF92046102102F03FFA2046D5
:101430000821002202F048FA00BF00BF00BF00BF31
:1014400000BF00BF00BF20460821012200BF02F0FC
:101450003BFA00BF00BF00BF00BF00BF00BF00BF1E
:101460002046102100BF02F021FA05460028204640
:101470004FF008014FF0000218BF012502F024FAD6
:1014800000BF00BF00BF00BF00BF00BF00BF2046BD
:101490000821012200BF02F017FA00BF00BF00BF01
:1014A00000BF00BF00BF00BF2046102100BF02F0F8
:1014B000FDF9804620460821002202F005FA00BF0F
:1014C00000BF00BF00BF00BF00BF00BF2046082113
:1014D000012200BF02F0F8F900BF00BF00BF00BF4B
:1014E00000BF00BF00BF2046102100BF02F0DEF9A0
:1014F000814620460821002202F0E6F900BF00BF25
:1015000000BF00BF00BF00BF00BF2046082101226E
:1015100000BF02F0D9F900BF00BF00BF00BF00BF8D
:1015200000BF00BF2046102100BF02F0BFF9824675
:1015300020460821002202F0C7F900BF00BF00BF0B
:1015400000BF00BF00BF00BF20460821012200BF2E
:1015500002F0BAF900BF00BF00BF00BF00BF00BF6C
:1015600000BF2046102100BF02F0A0F983462046AC
:101570000821002202F0A8F900BF00BF00BF00BF91
:1015800000BF00BF00BF20460821012200BF02F0BB
:101590009BF900BF00BF00BF00BF00BF00BF00BF7E
:1015A0002046102100BF02F081F90646204608219E
:1015B000002202F089F900BF00BF00BF00BF00BFDA
:1015C00000BF00BF20460821012200BF02F07CF9C5
:1015D00000BF00BF00BF00BF00BF00BF00BF20466C
:1015E000102100BF02F062F90746204608210022C0
:1015F00002F06AF900BF00BF00BF00BF00BF00BF1C
:1016000000BF00BFB8F1000F18BF0235B9F1000FDD
:1016100018BF0435BAF1000F18BF0835BBF1000F31
:1016200018BF45F01005002E18BF45F020052046D4
:1016300008210122002F18BF45F0400502F044F9AF
:1016400000BF00BF00BF00BF00BF00BF00BF2046FB
:101650002021002200BF02F037F900BF00BF00BF09
:1016600000BF00BF00BF00BFE8B200BF05B0BDE8CB
:10167000F08F0000F0B581B040F60044C4F20104E0
:1016800020462021002202F01FF900BF00BF00BF4A
:1016900000BF00BF00BF00BF20460821002200BFDE
:1016A00002F012F900BF00BF00BF00BF00BF00BFC3
:1016B00000BF20462021012200BF02F005F900BF33
:1016C00000BF00BF00BF00BF00BF00BF8E2000BF33
:1016D0000BF094FA00200BF091FA20462021002212
:1016E00002F0F2F800BF00BF00BF00BF00BF00BFA4
:1016F00000BF40F2240600BFC2F200063078CD27BA
:10170000C1B27943C90A01EB8102A0EB420040EA71
:10171000011520462021002202F0D6F800BF00BFAC
:1017200000BF00BF00BF00BF00BF2046082100224D
:1017300000BF02F0C9F800BF00BF00BF00BF00BF7C
:1017400000BF00BF20462021012200BF02F0BCF8EC
:1017500000BF00BF00BF00BF00BF00BF00BF8020B0
:1017600000BF0BF04BFAE8B20BF048FA20462021FC
:10177000002202F0A9F800BF00BF00BF00BF00BFF9
:1017800000BF00BF00BF7078C1B27943C90A01EB46
:101790008102A0EB420040EA0115204620210022F0
:1017A00002F092F800BF00BF00BF00BF00BF00BF43
:1017B00000BF20460821002200BF02F085F800BFCC
:1017C00000BF00BF00BF00BF00BF00BF20462021F8
:1017D000012200BF02F078F800BF00BF00BF00BFC9
:1017E00000BF00BF00BF822000BF0BF007FAE8B2C5
:1017F0000BF004FA20462021002202F065F800BF19
:1018000000BF00BF00BF00BF00BF00BF00BFB07877
:10181000C1B27943C90A01EB8102A0EB420040EA60
:10182000011520462021002202F04EF800BF00BF23
:1018300000BF00BF00BF00BF00BF2046082100223C
:1018400000BF02F041F800BF00BF00BF00BF00BFF3
:1018500000BF00BF20462021012200BF02F034F863
:1018600000BF00BF00BF00BF00BF00BF00BF84209B
:1018700000BF0BF0C3F9E8B20BF0C0F920462021FD
:10188000002202F021F800BF00BF00BF00BF00BF70
:1018900000BF00BF00BFF078C1B27943C90A01EBB5
:1018A0008102A0EB420040EA0115204620210022DF
:1018B00002F00AF800BF00BF00BF00BF00BF00BFBA
:1018C00000BF20460821002200BF01F0FDFF00BF3D
:1018D00000BF00BF00BF00BF00BF00BF20462021E7
:1018E000012200BF01F0F0FF00BF00BF00BF00BF3A
:1018F00000BF00BF00BF862000BF0BF07FF9E8B239
:101900000BF07CF920462021002201F0DDFF00BF12
:1019100000BF00BF00BF00BF00BF00BF00BF3079E5
:10192000C1B27943C90A01EB8102A0EB420040EA4F
:10193000011520462021002201F0C6FF00BF00BF94
:1019400000BF00BF00BF00BF00BF2046082100222B
:1019500000BF01F0B9FF00BF00BF00BF00BF00BF64
:1019600000BF00BF20462021012200BF01F0ACFFD4
:1019700000BF00BF00BF00BF00BF00BF00BF882086
:1019800000BF0BF03BF9E8B20BF038F920462021FC
:10199000002201F099FF00BF00BF00BF00BF00BFE1
:1019A00000BF00BF00BF757920462021002201F052
:1019B0008BFF00BF00BF00BF00BF00BF00BF00BF64
:1019C00020460821002200BF01F07EFF00BF00BFBB
:1019D00000BF00BF00BF00BF00BF20462021012282
:1019E00000BF01F071FF00BF00BF00BF00BF00BF1C
:1019F00000BF00BF8A2000BF0BF000F928460BF0A3
:101A0000FDF820462021002201F05EFF00BF00BF4C
:101A100000BF00BF00BF00BF00BF00BFB079C1B2B0
:101A20007943C90A01EB8102A0EB420040EA0115AB
:101A300020462021002201F047FF00BF00BF00BF69
:101A400000BF00BF00BF00BF20460821002200BF2A
:101A500001F03AFF00BF00BF00BF00BF00BF00BFE2
:101A600000BF20462021012200BF01F02DFF00BF52
:101A700000BF00BF00BF00BF00BF00BF8C2000BF81
:101A80000BF0BCF8E8B20BF0B9F820462021002298
:101A900001F01AFF00BF00BF00BF00BF00BF00BFC2
:101AA00000BF20462021002200BF01F00DFF00BF33
:101AB00000BF00BF00BF00BF00BF00BF204608211D
:101AC000002200BF01F000FF00BF00BF00BF00BF49
:101AD00000BF00BF00BF20462021012200BF01F04F
:101AE000F3FE00BF00BF00BF00BF00BF00BF00BFCC
:101AF0008E2000BF0BF082F880200BF07FF820468C
:101B00002021002201F0E0FE00BF00BF00BF00BFA7
:101B100000BF00BF00BF00BF01B0F0BD70470000B4
:101B200080B540F23020C2F200004FF40071FEF7A1
:101B300012FB40F20010C2F200000021018080BDC3
:101B40002DE9F04140F2001740F230254EF2A57623
:101B50000446C2F200074FF00008C2F20005C0F6CA
:101B6000000607E07880052001F084FD2004A4F140
:101B7000010415D038880028F5D079888842F1D141
:101B800028463146A7F80080FEF7F0FA0028EAD090
:101B90003A21FEF7FDFA002818BF0130BDE8F081B8
:101BA0000020BDE8F08100002DE9F04740F2302A26
:101BB000C2F2000A50464FF40071FEF7CCFA40F230
:101BC0000015C2F20005002675A02E800CF070F9F9
:101BD00040F684184EF2AA77C2F200080FF2C81934
:101BE000C0F6000704E000BF4FF4FA7001F042FDB8
:101BF0004046494604220AF09DFEC72408E000BF83
:101C000068800A2001F036FD2006A4F10104EBD023
:101C100028880028F5D069888842F1D15046394695
:101C20002E80FEF7A3FA0028EBD040F2302AC2F251
:101C3000000A50464FF40071FEF78DFA5CA00CF0DC
:101C400037F940F684184EF2AA77C2F200080FF274
:101C50006C190026C0F6000704E000BF4FF4FA70CC
:101C600001F008FD404649460D220AF063FEC724F4
:101C700008E000BF68800A2001F0FCFC2006A4F107
:101C80000104EBD028880028F5D069888842F1D17A
:101C9000504639462E80FEF769FA0028EBD040F214
:101CA000302AC2F2000A50464FF40071FEF753FA90
:101CB00046A00CF0FDF840F684184EF2AA77C2F266
:101CC00000080FF218190026C0F6000704E000BF54
:101CD0004FF4FA7001F0CEFC404649460F220AF05C
:101CE00029FEC72408E000BF68800A2001F0C2FC7A
:101CF0002006A4F10104EBD028880028F5D06988DB
:101D00008842F1D1504639462E80FEF72FFA00283E
:101D1000EBD040F2302AC2F2000A50464FF4007174
:101D2000FEF719FA31A00CF0C3F840F68418C2F29D
:101D300000080FF2C409002638A703E04FF4FA7038
:101D400001F098FC4046494620220AF0F3FDC724E2
:101D500008E000BF68800A2001F08CFC2006A4F196
:101D60000104EBD028880028F5D069888842F1D199
:101D7000504639462E80FEF7F9F90028EBD040F2A4
:101D80003020C2F200004FF40071FEF7E4F925A004
:101D90000CF08EF84FF4FA70BDE8F04701F06ABC21
:101DA000312E2041540D000041540D0A0000000066
:101DB000322E2043574D4F44450D000041542B43D4
:101DC000574D4F44453D310D0A000000332E204150
:101DD000542B4357444843500D00000041542B43BB
:101DE00057444843503D312C310D0A00342E2043D6
:101DF000574A41500D00000041542B43574A41506F
:101E00003D223238353032222C22313539313934C5
:101E10003831363434220D0A00000000474F542078
:101E200049500000352E204553503832363620496F
:101E30006E6974204F4B0D002DE9F0410C460546AC
:101E4000FEF7B0F982B240F68410C2F200002946D3
:101E50000AF070FD40F2001640F23025C727C2F2AA
:101E600000064FF00008C2F2000507E070800A206B
:101E700001F000FC3806A7F1010719D030880028CE
:101E8000F5D071888842F1D128462146A6F8008015
:101E9000FEF76CF90028EAD040F23020C2F20000D0
:101EA0004FF40071FEF757F900203080BDE8F08153
:101EB0000120BDE8F08100002DE9F04389B040F237
:101EC0003026C2F200068946804630464FF4007143
:101ED000FEF741F940F2001501AFC2F200050024FF
:101EE0001DA138464A462C800BF0F6FA3846FEF71C
:101EF00059F982B240F68410C2F2000039460AF065
:101F000019FDC72708E000BF68800A2001F0B2FB76
:101F10003806A7F101071CD028880028F5D0698869
:101F20008842F1D130463E212C80FEF731F900285D
:101F3000EBD040F23020C2F200004FF40071FEF707
:101F40000AF940F68410C2F2000041464A460AF0FF
:101F5000F1FC09B0BDE8F08341542B43495053458F
:101F60004E443D25640D0A0040F21440C4F20100C5
:101F70000168090458BF70474FF40041016040F206
:101F8000304241F20000C2F200020123C4F201001B
:101F90004FF40051137001F08FBC00004EF66F41FA
:101FA0004EF2AA72C0F60001C0F60002002808BF77
:101FB0001146084670470000EFF3108072B600BF6C
:101FC000FEE7000040F24110C2F200000078002855
:101FD00018BFFEF713BDB0B506F0F2FF4EF6302283
:101FE000C0F60002002010210123012407F0AEFA00
:101FF00007F0D8FA40F22815C2F2000505F10800F2
:1020000040F2DC510AF0BAFBEC70B0BDF0B589B01B
:1020100040F24110C2F20000047806F0D1FF002C1B
:1020200062D05EA200201021012307F08FFA5FA288
:1020300000201821012307F089FA07F0B3FA5EA007
:102040000BF036FF01F046FC044601F043FC001B98
:1020500042F20F7188422BD803AD08AE42F21077DE
:1020600008E000BF642001F005FB01F033FC001B19
:10207000B8421DD25220294609F042FF0028F1D172
:10208000304609F0E1FA002848D0052001F0F2FAC4
:10209000304609F0D9FA002840D0052001F0EAFACC
:1020A000304609F0D1FAC8B3052001F0E3FAD9E7C8
:1020B00006F086FF46A200201021012307F046FA11
:1020C00007F070FA4FF4FA6001F0D4FA40F22814E5
:1020D000C2F2000404F108004FF4FA710AF04EFB5A
:1020E0000120E07009B0F0BD4EF63022C0F60002CB
:1020F000002010210123012407F028FA07F052FAEA
:1021000040F22815C2F2000505F1080040F2DC514A
:102110000AF034FBEC7009B0F0BD00BF09F0D6FE48
:102120009DF820109DF821209DF822309DF8237005
:102130002CA000970BF0A6F908A804F0D3FB0446E6
:1021400006F03EFF012C21D014BB08A90620042272
:1021500005F0DEF932A200201021022307F0F6F983
:102160009DF820209DF821309DF822709DF8236075
:102170004EF6692103ACC0F600012046CDE9007699
:102180000BF0AAF900202021224696E71FA292E731
:102190004EF60832C0F600028DE700BF506C616356
:1021A000652063617264206E6561720072656164AE
:1021B00065722E2E2E00000057616974696E6720CB
:1021C000666F7220636172642E2E2E0D0000000077
:1021D00054696D656F75742C206E6F206361726435
:1021E0000000000043617264206465746563746577
:1021F00064205549443A202530325825303258253C
:10220000303258253032580D0A00000043617264A4
:1022100020616C72656164792065786973747300FC
:1022200043617264206164646564210080B540F29A
:102230004110C2F200000021017040F24010C2F2D1
:102240000000017006F0BCFEBDE8804006F08ABBCD
:10225000B0B588B040F24110C2F20000047806F038
:10226000AFFEDCB15FA20020102101230025012474
:1022700007F06CF907F096F906A80621CDF81B5077
:10228000069504F02BFC18B306F09AFE4EF67F225A
:10229000C0F6000200201021012307E04EF6302294
:1022A000C0F60002002010210123012407F04EF99E
:1022B00007F078F940F22815C2F2000505F1080090
:1022C00040F2DC510AF05AFAEC7008B0B0BD00BF21
:1022D00004AC102021460622CDF813500495FEF7D9
:1022E0007FFA06A821460622FDF763FF90B106F0AB
:1022F00067FE40A200201021012307F027F907F014
:1023000051F940F2DC5001F0B5F906F0BBFB08B022
:10231000B0BD00BF0020CDF80B000290CDF8030047
:10232000009006F04DFE36A2002010210123012569
:1023300007F00CF907F036F902A8062104F0CEFBED
:10234000044606F03DFEBCB14EF67F22C0F6000208
:1023500000201021012307F0F9F807F023F940F2DB
:102360002814C2F2000404F1080040F2DC510AF023
:1023700005FAE57008B0B0BD25A2002010210123A8
:10238000012407F0E3F807F00DF96846062104F090
:10239000A5FB00287FF478AF02A869460622FDF766
:1023A00029FF18B106F00CFE1DA2A3E702A9102018
:1023B0000622FEF7F9FA044606F002FE24B14EF6B4
:1023C0001322C0F6000295E718A200201021012375
:1023D00007F0BCF807F0E6F803200021002205F022
:1023E00097F88EE74F6C642041646D696E205077DA
:1023F000643A000057726F6E6720507764210000C6
:102400004E65772041646D696E205077643A000014
:10241000436F6E6669726D204E65773A000000006A
:102420004E6F74204D6174636821000041646D69D2
:102430006E20507764204368616E67656400000019
:10244000B0B586B006F0BCFD63A2002010210223C7
:10245000002407F07BF807F0A5F84FF47A7001F03C
:1024600009F9FEF71FFC88B3CDF813400494CDF8AA
:102470000B40029406F0A4FD5BA200201021012372
:10248000012507F063F807F08DF804A8062104F091
:1024900025FB044606F094FD74B34EF67F22C0F689
:1024A000000200201021012307F050F807F07AF80D
:1024B00040F22814C2F2000404F1080040F2DC519A
:1024C0000AF05CF9E57006B0B0BD00BF06F078FD1B
:1024D0004EF62122C0F6000200201021022307F050
:1024E00035F807F05FF840F2DC5001F0C3F806B0B1
:1024F000BDE8B04006F0C6BA3FA20020102101237B
:10250000012407F023F807F04DF802A8062104F093
:10251000E5FAC8B106F054FD4EF67F22C0F600027F
:1025200000201021012307F011F807F03BF840F2DA
:102530002815C2F2000505F1080040F2DC510AF04E
:102540001DF9EC7006B0B0BD04A802A90622FDF783
:1025500051FE18B106F034FD2BA20BE004A91620A1
:102560000622FEF721FAA8B106F02AFD4EF6132244
:10257000C0F6000200201021012306F0E7FF07F05B
:1025800011F840F2DC5001F075F806F07BFA06B065
:10259000B0BD00BF00206C46CDF8030000901620AF
:1025A00021460622FEF71CF904A821460622FDF763
:1025B00000FE28B14EF62124C0F6000406E000BF5C
:1025C00002200021002204F0A3FF12A406F0F8FC70
:1025D000002010212246CFE741646D696E205665C8
:1025E00072696679000000004E6577205573657248
:1025F000205077643A000000436F6E6669726D2068
:102600005077643A000000004E6F74206D6174636F
:10261000680000005573657220507764204368613C
:102620006E6765640000000040F24110C2F20000D5
:102630000078002808BF704770B504F08FFD40F2A5
:102640003C15C2F200052C7806F0BAFCA4B337A200
:1026500000201021022306F079FF37A2002020215C
:10266000012306F073FF06F09DFF01F033F90446E5
:1026700001F030F9001B41F28731884210D841F255
:10268000883600BF04F0AAFB0E2829D00F2823D0DB
:10269000322000F0EFFF01F01DF9001BB042F1D332
:1026A0004EF67F22C0F6000200203021012306F002
:1026B0004DFF4FF47A740AE04EF67132C0F6000214
:1026C00000201021012306F041FF40F2DC5406F007
:1026D00069FF204600F0CEFFBDE8704006F0D2B999
:1026E00008F0AAFE07F048FE80B1044606F068FC38
:1026F00017A200201021012306F028FF2046FFF733
:102700004DFC024600201821DCE700BF00202870A5
:1027100009F09EFF06F054FC11A2002010210223B4
:1027200006F014FF4FF4FA64D1E700BF44656C650E
:10273000746520414C4C3F00507265737320454EC8
:1027400054455220746F20636F6E6669726D00008D
:1027500044656C657465206661696C656421000080
:10276000416C6C2064656C65746564210000000038
:102770002DE9F04F95B040F24110C2F20000007810
:10278000002800F0098110A920201422FEF728F863
:102790009DF8400008B1FF280FD19DF84100FF28A7
:1027A00000D050B99DF84200FF2800D028B99DF80C
:1027B0004300002228B1FF2803D0002001228DF819
:1027C0003B009DF84400FF2800D070B99DF84500FB
:1027D000FF2800D048B99DF84600FF2800D020B956
:1027E0009DF8470030B1FF2804D00DF13B000121D6
:1027F000815401329DF84800FF2800D070B99DF83F
:102800004900FF2800D048B99DF84A00FF2800D0B1
:1028100020B99DF84B0030B1FF2804D00DF13B00EA
:102820000221815401329DF84C00FF2800D070B97C
:102830009DF84D00FF2800D048B99DF84E00FF28B4
:1028400000D020B99DF84F0030B1FF2804D00DF121
:102850003B000321815401329DF85000FF2800D035
:10286000F0B99DF85100FF2800D0C8B99DF852007A
:10287000FF2800D0A0B99DF8530008B1FF280FD160
:102880009AB906F09DFB83A200201021012306F0D7
:102890005DFE06F087FE40F2DC5000F0EBFED9E072
:1028A0000DF13B000421815401321446501E0026D4
:1028B0000FF20C280DF11D07042A28BF04240592ED
:1028C000049005E0C82000F0D5FE322000F0D2FED2
:1028D00006F076FB0020002173A20123002506F0FC
:1028E00035FE10205FFA86FA00EBC60906960BE06B
:1028F000102000EBC500C1B208203A46012306F0C3
:1029000025FE5C455D461FD00DF13B00405D10AAE1
:1029100002EB800112F8203048788A78CE7805F1F1
:10292000010BCDE90002384641465A4602960AF0AC
:10293000D3FDAA45DCD15FFA89F100203E220123B4
:1029400006F0D8FC4846D6E70020382162A20123D1
:1029500006F0FCFD06F026FE04F040FAC0B20B388B
:10296000042817D8DFE800F00E041634760000BF04
:102970000498069950454FF00000C8BF481C064611
:10298000A0E700BF069E3006059808BF0646013E38
:1029900098E700BF069E98E706F012FB4EF630223D
:1029A000C0F60002002010210123012406F0CEFD14
:1029B00006F0F8FD40F22815C2F2000505F1080006
:1029C00040F2DC5109F0DAFEEC7015B0BDE8F08F92
:1029D0000DF13B0010F80A40FF2C3BD010AF202037
:1029E000394614222026FDF7FBFE07EB840507205D
:1029F0002946042204F08CFD4FF0FF3047F82400F4
:102A000006EB840029460422FDF7CEFF06F0D8FA33
:102A100039A200201021022306F098FD17F8242087
:102A20006B78AF78EE784EF669210DF11D04C0F693
:102A300000012046CDE900760AF04EFD002020215D
:102A400022460123012406F081FD06F0ABFD4FF480
:102A5000FA600FE006F0B4FA4EF68922C0F60002E2
:102A6000002010210123012406F070FD06F09AFDDC
:102A700040F2DC5000F0FEFD40F22815C2F20005E5
:102A800005F108004FF4FA7109F078FEEC7015B00A
:102A9000BDE8F08F4E6F20636172647320746F2005
:102AA00064656C657465000053656C6563742063D0
:102AB00061726420746F2064656C6574653A00000F
:102AC00025643A2025303258253032582530325886
:102AD0002530325800000000456E7465723A20635C
:102AE0006F6E6669726D2C204261636B3A20636180
:102AF0006E63656C00000000436172642064656C65
:102B0000657465642100000040F24110C2F20000CB
:102B10000078002808BF70472DE9F04F8BB004F013
:102B20001DFB40F23C10C2F200000078C1070FBF4D
:102B3000002302218DF82610012381071AD44107B2
:102B40001FD4010724D4C10629D480062ED493BBF8
:102B500006F036FA4EF67132C0F60002002010215F
:102B6000012306F0F3FC06F01DFD40F2DC5000F0FE
:102B700081FD99E00DF126010322CA54013341077A
:102B8000DFD50DF126010422CA5401330107DAD53D
:102B90000DF126010522CA540133C106D5D50DF128
:102BA00026010622CA5401338006D0D50DF1260035
:102BB0000721C15401339B46581E00246EA50DF118
:102BC0001206042B28BF4FF0040B0293019005E07E
:102BD000C82000F04FFD322000F04CFD06F0F0F967
:102BE000002000215EA20123002706F0AFFC102088
:102BF00000EBC4095FFA84FA03945FFA89F411E0E8
:102C0000102000EBC707F9B200202022012306F0B4
:102C100071FBF9B208203246012306F097FCC34548
:102C2000474613D00DF12600C35D07F10108304679
:102C3000294642460AF050FCBA45E1D1002021461F
:102C40003E22012306F056FB4F46E2E700203821E2
:102C50004EA2012306F07AFC06F0A4FC04F0BEF8B4
:102C6000C0B20B38042817D8DFE800F00E0416189D
:102C70001E0000BF0198039950454FF00000C8BFE7
:102C8000481C0446A4E700BF039C2006029808BF26
:102C90000446013C9CE700BF039C9CE70DF1260025
:102CA00010F80A40FF2C17D106F08AF94EF6892257
:102CB000C0F6000200201021012306F047FC06F0B8
:102CC00071FC40F2DC5000F0D5FC05F0DBFE0BB0EF
:102CD000BDE8F04F704700BF08F0AEFB642000F085
:102CE000C9FC204607F044FB80B1054606F068F9B0
:102CF0002DA200201021012306F028FC2846FFF712
:102D00004DF9024600201821D6E700BFA01E052875
:102D10000CD840F23C13C2F2000301211A7801FAE8
:102D200000F022EA0000187009F092FC06F048F961
:102D300021A200201021022306F008FC0DF112054B
:102D400021A1284622460AF0C7FB002020212A465E
:102D5000012306F0FBFB06F025FC4FF4FA60B2E716
:102D600053656C65637420465020746F2064656CF5
:102D70006574653A0000000025643A2046696E6774
:102D8000657220494420256400000000456E74658A
:102D9000723A2064656C2C204261636B3A20636157
:102DA0006E63656C0000000044656C6574652066A8
:102DB00061696C656400000046696E676572206435
:102DC000656C65746564210049443A2025640000FF
:102DD000B0B516A00BF06CF809F06EFB40F2421093
:102DE000C2F20000002404700120FDF7DFFF40F272
:102DF0004415C2F20005287830B140F25410C2F2F6
:102E0000000009F0C5FC2C7006F0DAF809A20020D9
:102E10001021022306F09AFB06F0C4FB4FF47A70EF
:102E200000F028FCBDE8B04005F09CBD4C6F636B22
:102E30000D000000446F6F72204C6F636B6564215E
:102E400000000000B0B51BA00BF032F84FF4FA7090
:102E500009F03CFB0220FDF7A9FF40F24414C2F246
:102E60000004217840F24210C2F2000001250570F2
:102E700029B140F25410C2F2000009F089FC40F27E
:102E80005410C2F2000041F2883109F077FC25703D
:102E900006F096F809A200201021022306F056FB46
:102EA00006F080FB4FF47A7000F0E4FBBDE8B04020
:102EB00005F058BD556E6C6F636B0D00446F6F72FB
:102EC000204F70656E656421000000002DE9F04F11
:102ED0008BB040F24110C2F20000007840F2281896
:102EE0000028C2F2000800F08980002088F8000065
:102EF0004020FDF759FC04464120FDF755FCC0B2C7
:102F00000A28014640F6142528BF0A210028C2F2EB
:102F10000005049100F0F280092840F289800499AC
:102F20000B2001FB00F700264FF04C09A0B24CF635
:102F3000CD414843C00C00EB8000A4EB400A422086
:102F400000EB0A1080B2FDF72FFCA855432000EBE0
:102F50000A1080B205EB060BFDF726FC8BF801008A
:102F6000442000EB0A1080B2FDF71EFC8BF8020033
:102F7000452000EB0A1080B2FDF716FC8BF8030029
:102F8000462000EB0A1080B2FDF70EFC8BF804001F
:102F9000472000EB0A1080B2FDF706FC8BF8050015
:102FA000482000EB0A1080B2FDF7FEFB8BF806000C
:102FB000492000EB0A1080B2FDF7F6FB8BF8070002
:102FC0004A2000EB0A1080B2FDF7EEFB8BF80800F8
:102FD0004B2000EB0A1080B2FDF7E6FB8BF80900EE
:102FE00009EB0A1080B2FDF7DFFB0B36B74204F1A4
:102FF00001048BF80A0099D180E000BF05F0E0FFE2
:103000004EF63022C0F600020020102101230124D8
:1030100006F09CFA06F0C6FA08F1080040F2DC510E
:1030200009F0ACFB88F803400BB0BDE8F08F00BF9F
:1030300004990B2001FB00F400264FF04B0A4FF0DF
:103040004C0B0027422000EB071080B2FDF7ACFBD1
:10305000A855432000EB071080B205EB0609FDF7E9
:10306000A3FB89F80100442000EB071080B2FDF7B4
:103070009BFB89F80200452000EB071080B2FDF7AA
:1030800093FB89F80300462000EB071080B2FDF7A0
:103090008BFB89F80400472000EB071080B2FDF796
:1030A00083FB89F80500482000EB071080B2FDF78C
:1030B0007BFB89F80600492000EB071080B2FDF782
:1030C00073FB89F807004A2000EB071080B2FDF778
:1030D0006BFB89F808000AEB071080B2FDF764FB70
:1030E00089F809000BEB071080B2FDF75DFB0B368A
:1030F000B44207F1010789F80A00A3D104980DF141
:10310000140B88F800004FF48070A8F801000AE062
:10311000481E88F80100642000F0ACFA98F802001C
:10312000002800F0098205F04BFF002000210FF27B
:103130001442012306F00AFA4EF63C220020082130
:10314000C0F60002012306F001FA98F8010098F891
:10315000001000F0FC0A8A4580F0CA810B200AFBAF
:103160000054A946A7796378A078E1782279013FD5
:10317000062F2BD84EF6F226C0F60006DFE807F041
:1031800004361A20142C3200E7794EF62C36013F13
:10319000FFB2042FC0F6000628D24DF6D466C0F662
:1031A000000656F8276021E04EF64A36C0F60006C3
:1031B0001CE000BF4EF6E826C0F6000616E000BF91
:1031C0004EF64436C0F6000610E000BF4EF63C3620
:1031D000C0F600060AE000BF4EF6B726C0F60006AD
:1031E00004E000BF4EF6BF26C0F600068DE80700DB
:1031F0004EF6503258461821C0F6000203960AF0E7
:1032000051F95846FCF7CEFF152824BF00208DF851
:10321000280098F801004D46824505D10020102174
:103220003E22012306F066F8082010215A460123A9
:1032300006F08CF998F800004AF00106864280F00A
:1032400057810B2006FB0057BD797B7897F802C0A9
:10325000F9783A79013D062D2CD84EF6F224C0F6C5
:103260000004DFE805F005371B21152D330000BFF2
:10327000F8794EF62C340138C7B2042FC0F600049A
:1032800028D24DF6D460C0F6000050F8274021E067
:103290004EF64A34C0F600041CE000BF4EF6E824A7
:1032A000C0F6000416E000BF4EF64434C0F6000439
:1032B00010E000BF4EF63C34C0F600040AE000BF48
:1032C0004EF6B724C0F6000404E000BF4EF6BF245B
:1032D000C0F6000402924EF65032CDE900C15846C5
:1032E0001821C0F6000203940AF0DCF85846FCF7F7
:1032F00059FF152824BF00208DF8280098F80100F8
:103300004D46864205D1002018213E22012305F0BA
:10331000F1FF082018215A46012306F017F998F802
:1033200000004AF00206864280F0E2800B2006FB95
:103330000057BD797B7897F802C0F9783A79013D5A
:10334000062D2BD84EF6F224C0F60004DFE805F077
:1033500004361A20142C3200F8794EF62C34013839
:10336000C7B2042FC0F6000428D24DF6D460C0F6D0
:10337000000050F8274021E04EF64A34C0F6000421
:103380001CE000BF4EF6E824C0F6000416E000BFC3
:103390004EF64434C0F6000410E000BF4EF63C3454
:1033A000C0F600040AE000BF4EF6B724C0F60004E1
:1033B00004E000BF4EF6BF24C0F6000402924EF6B1
:1033C0005032CDE900C158461821C0F600020394DE
:1033D0000AF068F85846FCF7E5FE152824BF0020DF
:1033E0008DF8280098F801004D46864205D100204E
:1033F00020213E22012305F07DFF082020215A468E
:10340000012306F0A3F898F800004AF0030686426C
:103410006ED20B2006FB0057BD797B7897F802C06F
:10342000F9783A79013D062D2CD84EF6F224C0F6F3
:103430000004DFE805F005371B21152D330000BF20
:10344000F8794EF62C340138C7B2042FC0F60004C8
:1034500028D24DF6D460C0F6000050F8274021E095
:103460004EF64A34C0F600041CE000BF4EF6E824D5
:10347000C0F6000416E000BF4EF64434C0F6000467
:1034800010E000BF4EF63C34C0F600040AE000BF76
:103490004EF6B724C0F6000404E000BF4EF6BF2489
:1034A000C0F6000402924EF65032CDE900C15846F3
:1034B0001821C0F60002039409F0F4FF5846FCF707
:1034C00071FE152824BF00208DF8280098F801000F
:1034D0004D46864205D1002028213E22012305F0D9
:1034E00009FF082028215A46012306F02FF800BFC3
:1034F0000020382117A2012306F028F806F052F820
:1035000003F06CFC98F801100B2802D100297FF41D
:10351000FFAD0F280CD00C287FF4FDAD98F800000B
:1035200001388842C4BF481C88F80100F3E500BF99
:10353000002088F80200EEE505F0A4FA0BB0BDE823
:10354000F08F00BF4F7065726174696F6E204C6FB1
:103550006773000055502F444F574E3A2073656CE7
:103560002C204241434B3A206578697400000000EA
:10357000014690F82100022816D10868D1E90FC34E
:10358000026822F00E020260026822F0010202606C
:10359000012000FA03F2CCF8042081F82100002079
:1035A000002281F820207047042088630120002237
:1035B00081F820207047000090F82110022923D1C3
:1035C000026840F2040C1168C4F2020C21F00E01F2
:1035D000116013682F21C4F202018A4223F0010313
:1035E000136015DD3023C4F202039A421CD0442339
:1035F000C4F202039A421BD05823C4F202039A4237
:103600001CD14FF4803321E00421816301207047F5
:103610000823C4F202039A420ED01C23C4F2020310
:103620009A420BD1102311E04FF480730EE000BFDB
:103630004FF480530AE000BF012307E00CF168015A
:103640004FF080738A4208BF4FF480130121CCF8F9
:10365000003080F82110416B0022002980F82020E2
:1036600004BF0020704780B58847002080BD00005F
:10367000806B7047B0B5044600F02CF9054640F267
:103680001400C2F200000078611C18BF044400BF9F
:1036900000F020F9401BA042FAD3B0BD2DE9F04F55
:1036A00082B00E68002E00F0FD8041F20042C4F2AC
:1036B0000102042340F2004E904208BF03234FF65C
:1036C000FF7CC4F2010E009300240123C1F2100C10
:1036D0004FF0000A4FF000094BE000BF41F200023A
:1036E000C4F20102009F904208BF022704F00C03BD
:1036F0000F229A402BEA020207FA03F34FEA9A05D7
:103700001A4346F825204E6840F20C45F202DEF8D6
:10371000082054BF22EA080242EA0802C4F2010566
:10372000CEF808202A68B30254BF22EA080242EA0F
:1037300008022A60B303DEF8042054BF22EA08021C
:1037400042EA0802F303CEF80420DEF800204FF02E
:10375000010354BF22EA080242EA0802CEF8002020
:103760000E680AF1010A36FA0AF204F1040400F0C4
:10377000998003FA0AFB16EA0B08F1D04E686645F9
:1037800012DC122E56D8DFE806F0350B4D495555A0
:10379000555555555555555555555545510000BF2D
:1037A000D1F80C9046E000BF4FF6FF72C1F2210243
:1037B00096420FDC0022C1F2110296421AD000227A
:1037C000C1F21202964215D00022C1F221029642A5
:1037D00010D02FE00022C1F2220296420AD000222D
:1037E000C1F23102964205D00022C1F23202964265
:1037F00020D100BF8A684AB1012A14BFC0F814B0B2
:10380000C0F810B04FF0080914E000BF4FF00409F1
:1038100010E000BFCA6802F104090BE04FF0000994
:1038200008E000BFCA6802F1080903E0CA6802F1B3
:103830000C0900BF02462646B8F5807F24BF04323B
:10384000203E17680F25B54027EA050509FA06F658
:1038500035431560CA79D2067FF582AF41F218036D
:10386000C4F202031A68AEF57E7642F001021A60D5
:103870001A6802F001020192019A2AF0030256F836
:1038800002B040F60002C4F20102904208D040F6B5
:103890000042C4F2010290427FF420AF012725E7E5
:1038A000002723E702B0BDE8F08F000080680840E1
:1038B00018BF012070470000C26802EA010391436B
:1038C00041EA034101617047002A08BF0904016110
:1038D0007047000040F68420C2F200000068704784
:1038E000002804BF01207047F0B581B0044690F86D
:1038F0003D0028B9002084F83C00204600F0F6FA8C
:10390000242084F83D002068016821F00101016055
:10391000016841F400410160016821F40041016047
:1039200000F0B8FD636848F2A16CC0F2010C40F6EB
:103930000011C0F23D0163453CBF48F28041C0F236
:103940001E01884202D2012001B0F0BD4DF6836114
:10395000C4F21B31A0FB01122168970CD1F804E0DE
:103960004FF496762EF03F0545EA92454D60774339
:1039700048F638160D6AC0F24106A7FB067625F018
:103980003F07634538BF960C721C3A430A62CA6906
:1039900048F2A0664CF6FF77C0F20106B34222EA75
:1039A00007020BD801385B00B0FBF3F001306FF376
:1039B0001F30042898BF04201BE000BFA76801380F
:1039C00057B119277B43B0FBF3F001306FF31F3081
:1039D00070B100F5804007E003EB4303B0FBF3F068
:1039E00001306FF31F3018B100F5004001E000BF57
:1039F00001201043C8610868D4E9072320F0C00003
:103A0000104318430860886848F2FF3204F10C073D
:103A100090438CCF18431043A6698860C86820F093
:103A2000FF0038433043C860086840F00100086078
:103A300000202021206484F83D10206384F83E009B
:103A400001B0F0BD2DE9F04F85B004460020994645
:103A500016460F460490FFF73DFF94F83D102029CD
:103A600027D10546206800BF816989071CD5FFF76B
:103A700031FF411B20681A29F6D381698907F3D5E4
:103A800000202021206384F83D1084F83E00206C43
:103A900004F13C0A40F020002064022000218AF852
:103AA000001005B0BDE8F08FA2461AF83C1F0129AE
:103AB00004D1022005B0BDE8F08F00BF01228AF8D2
:103AC00000200368DDE90F180E9ADB0703D10368B5
:103AD00043F001030360036823F4006303602220C2
:103AE00084F83D00402084F83E000020206462629B
:103AF0006185608D394620850020CFF6FF70E06239
:103B0000204632464B46CDE9008502F0A7FB18B1AE
:103B1000012005B0BDE8F08F208D022826D00128B5
:103B20000ED0002838D1002003902068416903910D
:103B3000816903910399016841F40071016037E0E4
:103B40002068016821F480610160EFF3108072B693
:103B500000200390206841690391816903910399D2
:103B6000016841F40071016062B621E020680168DB
:103B700041F400610160EFF3108072B60020039001
:103B8000206841690391816903910399016821F4D7
:103B90008061016062B60BE02068016841F48061D9
:103BA00001600021039141690391806903900398AA
:103BB000208D002800F0CC80042740F220094BF231
:103BC000895BC0F20107C2F20009C1F2F84B23265B
:103BD0000EE000BF10690870606A218D01306062DC
:103BE000481E2085618D01396185010400F0B08097
:103BF00080B203280CD802282CD001284AD12046B4
:103C000041462A4602F0C8FD002800F09C807FE76C
:103C1000204641462A4602F0BFFD00287FF478AFD7
:103C20002068616A00690870606A2268411C208D02
:103C3000616201382085638D013B638553695B07B1
:103C4000D3D580B20328C5D1106820F480601060FD
:103C5000C0E700BF2046394600224346009502F0E7
:103C600049FC00287FF454AFEFF3108072B620684F
:103C7000616A026842F40072026000690870606A5A
:103C8000218D01306062481E2085608D013860857D
:103C900062B658E02046394600224346009502F0BD
:103CA00029FC00287FF434AF2068016821F480618A
:103CB0000160EFF3108072B62068616A00690870D5
:103CC000606A218D0130013960622185618D013981
:103CD0006185D9F80010C908A1FB0B12110A7143C4
:103CE0000491049901390491049900293CD0216878
:103CF0004A69520717D4049A013A0492049A9AB373
:103D00004A6952070FD4049A013A0492049A5AB3AA
:103D10004A69520707D4049A013A0492049A1AB3E2
:103D20004A695207DDD50A6842F400720A600969DF
:103D30000170606A218D01306062481E2085608DAF
:103D40000138608562B62068616A006943E700BF98
:103D5000202084F83D00002084F83E0000218AF8ED
:103D6000001005B0BDE8F08F00202021206384F80A
:103D70003D1084F83E00206C40F02000206462B6C4
:103D8000012000218AF8001005B0BDE8F08F000086
:103D90002DE9F04383B0994616460F460446FFF7D7
:103DA00099FD94F83D10202924D10546206800BFD4
:103DB000816989071AD5FFF78DFD411B20681A29F3
:103DC000F6D381698907F3D500202021206384F888
:103DD0003D1084F83E00216C41F02001216484F8FC
:103DE0003C00022003B0BDE8F08300BF94F83C1013
:103DF000012903D1022003B0BDE8F083012284F839
:103E00003C200368DDE90B180A9ADB0703D103683D
:103E100043F001030360036823F40063036021207F
:103E200084F83D00402084F83E0000202064626257
:103E30006185608D394620850020CFF6FF70E062F5
:103E4000204632464B46CDE9008502F091FA18B182
:103E5000012003B0BDE8F083208D98B9204641468B
:103E60002A4602F0E9FA88B3206C0428F0D12068D1
:103E7000016841F400710160012003B0BDE8F083E6
:103E80000004EBD0204641462A4602F0CDFC002833
:103E9000EAD1616A2268084610F8013B1361238D5C
:103EA0006062581E2085678D013F678557697F07CF
:103EB000E6D50704E4D048781061881C6062981E3B
:103EC0002085618D01396185DAE700BF20680168CE
:103ED00041F400710160202084F83D00002084F846
:103EE0003E0084F83C0003B0BDE8F08310B586B016
:103EF000016845F20040C4F2000081424FF0000129
:103F0000CDE90411CDE9021102D006B010BD00BF09
:103F100041F21804C4F20204216800F5384041F06F
:103F200008012160216801F0080101910199C02177
:103F30000291122103910321059102A9FFF7AEFB23
:103F4000606840F400106060606800F40010019048
:103F5000019806B010BD000040F2140040F6842124
:103F6000C2F20000C2F2000100780A681044086042
:103F70007047000080B542F20000C4F20200016800
:103F800041F010010160032000F08CF80F2000F0D8
:103F900005F800F027F8002080BD000070B540F261
:103FA0001406C2F2000640F220013278C2F200018B
:103FB0004FF47A730968B3FBF2F20446B1FBF2F1F5
:103FC000084601F025F90F2C4FF0010508D838B943
:103FD0004FF0FF3021460022002500F037F87460D2
:103FE000284670BD82B041F21800C4F20200016898
:103FF000022241F001010160016801F0010101911B
:104000000199416841F080514160406800F0805062
:10401000009000980420C4F20100016862F31A6164
:10402000016002B070470000002848BF704700F0F0
:104030001F01012202FA01F11C2202EAD0004EF215
:104040000012CEF2000281507047000010B54EF60B
:104050000C5CCEF2000CDCF80030C3F3022E8EF0C4
:104060000704042C28BF0424BEF103034FF0FF3ED5
:104070000EFA04F438BF0023A14399400EFA03F36B
:104080009A43114300F00F0200F160430901043A22
:1040900003F564436244002848BF02F10C03197021
:1040A00010BD00004EF60C51CEF200010A684FF62A
:1040B000FF031A4060F30A2242F0806040F0FD7076
:1040C000086070472020C4F20E2000210160704774
:1040D0002020C4F20E20012101607047012821D068
:1040E00002280DD0102808D141F20401C4F20201C7
:1040F0000A6851F8040CC00134D40020704700BF96
:1041000080B500F0DBF941F20401C4F20201096854
:104110000222C1F3813102EB4101B0FBF1F0BDE8B5
:104120008040704741F20400C4F20200C16940F2CD
:1041300002320A40B2F5817F04BF4FF4004070475D
:1041400001F44071B1F5407F18D0B1F5007F1CBF7C
:1041500000207047006A49F64041800701EAE0709C
:10416000704700BFC2F3834015A3185CD2030DD47F
:1041700040F60012C0F23D02504313E050F8040C28
:104180004FF22441800301EAE07070470A6810A3EF
:10419000C2F340429A5C41F20023C0F27A03B3FBBF
:1041A000F2F250430968490248BF70474AF6AB2112
:1041B0004000CAF6AA21A0FB01014808704700BFD1
:1041C00002030405060708090A0B0C0D0E0F101058
:1041D000010200002DE9F04182B00446007841F26E
:1041E0001C06C007C4F202064AD030685FEAC00865
:1041F00008D4306840F080503060306800F0805063
:104200000190019847F20007C4F200073868C00522
:1042100012D4386840F480703860FFF75BFB0546C5
:104220003868C00508D4FFF755FB401B6428F7D950
:10423000032002B0BDE8F081706810F4407012D025
:10424000616801F4407188420DD0706840F24042CC
:10425000C4F24222012320F4407113600023C007FE
:104260001360716026D17068616820F44070084363
:10427000B8F1000F706003D4306820F080503060D7
:104280002068810707D556F8181CA26821F4404120
:10429000114346F8181CC00607D556F8180CE168FB
:1042A00020F48000084346F8180C002002B0BDE856
:1042B000F08100BFFFF70EFB054641F2883700BFD3
:1042C00070688007CFD4FFF705FB401BB8424FF062
:1042D0000300F5D9EAE70000002804BF0120704779
:1042E0002DE9F04381B042F20008C4F2020804460E
:1042F000D8F800000D4600F0070081420CD9D8F82C
:10430000000020F007002843C8F80000D8F800009B
:1043100000F00700A8426CD1206841F2040981072F
:10432000C4F2020917D5410705D5D9F8001041F4A8
:10433000E061C9F80010010705D5D9F8001041F473
:104340006051C9F80010D9F80010A26821F0F001FE
:104350001143C9F80010C00742D1D8F8000000F09E
:10436000070085420CD2D8F8000020F0070028434F
:10437000C8F80000D8F8000000F00700A84238D1C3
:104380002068410707D5D9F80010E26821F4E06100
:104390001143C9F80010000708D5D9F800002169B9
:1043A00020F4605040EAC100C9F80000D9F80020AC
:1043B00002F00C00082841F20020C0F27A004DD132
:1043C0004EF22673C2F38341C0F60003595CD20358
:1043D00038D440F60010C0F23D0048433EE000BF34
:1043E000606859F8041C022808D0012826D18903E6
:1043F00006D4012001B0BDE8F08300BF8901F8D5E3
:10440000D9F8001021F003010843C9F80000FFF7B4
:1044100061FA064641F28837D9F80000616800F079
:104420000C00B0EB810F98D0FFF754FA801BB84214
:10443000F2D9032001B0BDE8F08300BF8907D8D5C9
:10444000DEE700BFD9F800204EF22473C2F34042E9
:10445000C0F600039A5C4843B0FBF2F0D9F80010B4
:104460004DF6E462C1F30311C0F60002515C40F264
:10447000200220FA01F140F21800C2F200000068A8
:10448000C2F200021160FFF789FD002001B0BDE813
:10449000F083000040F2200041F20401C2F200006B
:1044A000C4F20201006809684DF6F462C1F302210A
:1044B000C0F60002515CC8407047000040F2200086
:1044C00041F20401C2F20000C4F20201006809686E
:1044D0004DF6F462C1F3C221C0F60002515CC8403F
:1044E00070470000002804BF012070472DE9F0410B
:1044F00082B00446007841F20006C007C4F202060A
:104500000CD0706800F00C00042840F08180306806
:10451000800303D56068002800F04681207880077A
:104520001BD5706810F00C0F09D0706800F00C00FB
:10453000082840F087807068C00300F183803068ED
:10454000800703D52069012840F02E813068616919
:1045500020F0F80040EAC10030602078000713D452
:10456000207840072CD4E569002D00F01881706890
:1045700000F00C00082840F0A780012D40F00481D5
:10458000012002B0BDE8F081A069002800F084801D
:104590000020C4F242200121C0F88014FFF79AF9EC
:1045A000054600BF706A800700F1B280FFF792F9FC
:1045B000401B0228F6D9032002B0BDE8F08100BFFD
:1045C000F0695FEAC00808D4F06940F08050F061FB
:1045D000F06900F080500090009847F20007C4F2A4
:1045E00000073868C00549D4386840F480703860E6
:1045F000FFF770F9054600BF3868C0053ED4FFF7E5
:1046000069F9401B6428F7D9032002B0BDE8F081A6
:10461000706800F00C00082803D17068C0033FF5F3
:1046200076AF61683068002900F00C81B1F5A02FE9
:1046300000F00081B1F5803F40F01A8140F48030F5
:104640001CE100BF2069002840F20000C4F24220B3
:1046500000F0888001210160FFF73CF9054600BFAA
:10466000306880073FF572AFFFF734F9401B02282E
:10467000F6D9032002B0BDE8F08100BFE168306ADE
:10468000002900F09D80052900F09280012940F06A
:10469000AF8040F00100B1E00020C4F242200021D0
:1046A000C0F88014FFF716F9054600BF706A80074E
:1046B0007FF556AFFFF70EF9401B0228F6D903200D
:1046C00002B0BDE8F08100BF0027C4F242270020FD
:1046D0003866FFF7FFF8022D05460DD130688001DE
:1046E00040F1DE80FFF7F6F8401B02284FF0030090
:1046F000F4D902B0BDE8F081306880014FD5FFF7F2
:10470000E9F8401B02284FF00300F5D9F1E700BF9C
:1047100040F22000C2F20000006844F6D351C1F21A
:104720006201A0FB0101480A019000BF00BF01988F
:10473000411E002801913FF413AF00BF0198411EB4
:10474000002801913FF40CAF00BF0198411E0028E2
:1047500001913FF405AF00BF0198411E002801916F
:10476000E4D1FDE600210160FFF7B4F8054600BF83
:10477000306880077FF5F1AEFFF7ACF8401B0228E8
:104780004FF00300F4D9B4E77068216A00F4803276
:104790008A4209D1616A00F47010884204D1002075
:1047A00002B0BDE8F08100BF012002B0BDE8F08199
:1047B00040F004003062306A40F001001EE000BFAB
:1047C00020F001003062306A20F004003062FFF710
:1047D00081F8054641F28837306A800720D5FFF717
:1047E00079F8401BB8424FF00300F5D981E700BFCC
:1047F00020F001003062306A20F004003062FFF7E0
:1048000069F8054641F28837306A800708D4FFF717
:1048100061F8401BB842F7D9032002B0BDE8F0812F
:10482000B8F1000F3FF59FAEF06920F08050F061C5
:1048300099E600BF40F480203060306840F480305A
:104840001CE000BF20F480303060306820F480200D
:104850003060FFF73FF80546306880037FF55EAEB5
:10486000FFF738F8401B64284FF00300F4D940E705
:1048700020F480303060306820F480203060FFF712
:1048800029F80546306880033FF548AEFFF722F867
:10489000401B6428F6D9032002B0BDE8F08100BFB8
:1048A000206AB0F5803F05D17168A26821F400311B
:1048B000114371607168626A21F4741111430843F5
:1048C000706001203866FFF705F804463068800103
:1048D0003FF565AFFEF7FEFF001B02284FF0030017
:1048E000F4D906E7002804BF0120704770B50446DC
:1048F000407C20B900202074204600F06BF8022094
:1049000060742068416821F008014160FEF7E2FF11
:10491000064600BF20684568FEF7DCFF290705460C
:104920000ED4A81BB0F57A7FF4D90120042161745C
:1049300070BD00BFFEF7CEFF401BB0F57A7FF4D804
:10494000216848688006F5D5486846F62C4240F054
:10495000100048604868C4F2000220F00700486078
:10496000A06818B1536823F001035360136823F45F
:104970006073184310606068421C05D10120FFF786
:10498000ADFB18B321680138C0F3034280B28A60DE
:10499000C860486820F010004860FEF79BFF05469D
:1049A00020684068800607D4FEF794FF401BB0F5EE
:1049B0007A7FF5D9B9E700BF40F201110020A4F8D1
:1049C0000D100121E073617470BD00BF042101204E
:1049D000617470BD006842F60001C4F200018842B3
:1049E00018BF704780B582B0FFF772FB41F21C0020
:1049F000C4F20200016841F0006101600068012119
:104A000000F000600190019840F23C40C4F2422066
:104A1000016002B0BDE880407047000070B528B169
:104A2000416A29B100210161142106E0012070BD15
:104A30004168B1F5827F02D01C210022425000263D
:104A4000866290F8511029B980F85060054600F050
:104A500039F82846022180F8511090E82E0002F41F
:104A600082720C6803F4044324F040040C601A447E
:104A700005F4006305691A4405F0020345691A4408
:104A800005F001038569C4691A4405F400731A44EA
:104A900004F03803046A1A4404F08003846A1A4359
:104AA00004F400531A430A60042202EA15424A60E1
:104AB000CA6922F40062CA610121466580F851107A
:104AC000304670BD70B586B040F60004C4F20104F3
:104AD000006804F52051002688420596CDE903665A
:104AE000029601D006B070BD41F21800C4F2020077
:104AF000016802AD41F480510160016801F4805108
:104B000001910199016841F00401016000682946A2
:104B100000F0040001900198A02002900220039070
:104B2000032005902046FEF7B9FD4020CDE902069E
:104B3000204629460496FEF7B1FD06B070BD000080
:104B40002DE9F04182B0044690F85100012819D1B6
:104B500060681D4617460E46B0F5827F01D1A068F9
:104B6000A0B1FEF7B7FE8046002E4FF0010018BF3F
:104B7000002F03D102B0BDE8F08100BF94F85000CF
:104B8000012811D1022002B0BDE8F081042084F890
:104B900051002046314632463B46009500F0CEF9A2
:104BA00002B0BDE8F08100BF012084F8500004206D
:104BB000002184F851006165A663A787E787216318
:104BC000A186E186A2682068B2F5004F2164616485
:104BD00038D00168490640D5E168E08F002944D00B
:104BE00000287BD0681C0CD11BE000BFC068A16B03
:104BF00021F8020BA163E08F0138E087E08F0028E5
:104C00006CD020688168C907F0D1FEF763FEA0EB85
:104C10000800A842F2D342E0FEF75CFEE08F0028D5
:104C20005CD020688168C907F6D0C068A16B21F804
:104C3000020BA163E08F0138E087E08F0028F0D1FC
:104C40004CE000BF016821F040010160016821F4DF
:104C50008041016001684906BED4016841F040010D
:104C60000160E168E08F0029BAD1B8B3681C0CD1AB
:104C700024E000BF007BA16B0870A06B0130A06333
:104C8000E08F0138E087E08F40B320688168C90772
:104C9000F0D1FEF71FFEA0EB0800A842F3D30120DD
:104CA00084F85100002084F85000032002B0BDE8D1
:104CB000F08100BFFEF70EFEE08F78B120688168BA
:104CC000C907F7D0007BA16B0870A06B0130A0630F
:104CD000E08F0138E087E08F0028EFD16068B0F501
:104CE000827F11D1A068B0F5004F02D0B0F5806F7F
:104CF0000AD12168B0F5806F0A6822F040020A608C
:104D000002D12046012101E02046802100222B46CD
:104D1000CDF8008007F00AFC28B1606D40F020005B
:104D2000606520206065012084F85100002084F82F
:104D30005000606D002818BF012002B0BDE8F0816E
:104D40002DE9F04182B01D4616460F460446FEF797
:104D5000C1FD94F8511001290ED18046002F4FF06B
:104D6000010018BF002E03D102B0BDE8F08100BFE2
:104D700094F85000012803D1022002B0BDE8F08170
:104D8000012084F850000320002184F8510061655F
:104D90002763A686E686A163A187E187A0682164D0
:104DA000B0F5004F2068616407D1016821F040012F
:104DB0000160016841F4804101600168490603D443
:104DC000016841F0400101606168731EE268B1FA58
:104DD00081F1B3FA83F349095B09B2F5006F41EA47
:104DE000030139D131B137F8021BC1602763E08E6E
:104DF0000138E086E08E002870D0681C0BD11AE0E4
:104E0000216B31F8022BC2602163E08E0138E0860D
:104E1000E08E002862D0206881688907F0D4FEF710
:104E200059FDA0EB0800A842F2D338E0FEF752FD8E
:104E3000E08E002852D0206881688907F6D5216B62
:104E400031F8022BC2602163E08E0138E086E08EEB
:104E50000028F0D142E000BF39B139780173206BEE
:104E600001302063E08E0138E086E08EB0B3681C2C
:104E70000BD123E0216B09780173206B0130206393
:104E8000E08E0138E086E08E40B3206881688907B3
:104E9000F0D4FEF71FFDA0EB0800A842F3D30120D9
:104EA00084F85100002084F85000032002B0BDE8CF
:104EB000F08100BFFEF70EFDE08E78B120688168BA
:104EC0008907F7D5216B09780173206B01302063C6
:104ED000E08E0138E086E08E0028EFD120460221E6
:104EE00001222B46CDF8008007F020FB40B9204678
:104EF000802100222B46CDF8008007F017FB28B157
:104F0000606D40F02000606520206065A06838B9C1
:104F1000002001902068C16801918068019001988B
:104F2000012084F85100002084F85000606D0028B2
:104F300018BF012002B0BDE8F08100002DE9F04368
:104F400083B01E4615460F460446FEF7C3FC94F890
:104F500051108146012909D1002F4FF0010018BFDF
:104F6000002D0FD103B0BDE8F08300BF6068B0F53D
:104F7000827F0DD104294FF00200F3D1A1680029EE
:104F8000EAD0EFE7002EEDD094F85000012803D1CD
:104F9000022003B0BDE8F083012084F8500094F8AB
:104FA0005100002104281CBF052084F851006165D0
:104FB000A563E687A6872763E6862068A686216420
:104FC00061640168490603D4016841F04001016051
:104FD0006168731EE268B1FA81F1B3FA83F3DDF818
:104FE000288049095B09B2F5006F41EA030165D1E8
:104FF00031B137F8021BC1602763E08E0138E086CB
:10500000012518F1010032D102E000BFFEF762FC79
:10501000E08E18B9E08F002800F0B8802068816821
:1050200089070CD5E18E51B1012D08D1216B0025E6
:1050300031F8022BC2602163E18E0139E18681687B
:10504000C907E3D0E18F0029E0D0C068A16B01253A
:1050500021F8020BA163E08F0138E087D6E700BF9B
:10506000FEF738FCA0EB0900404580F0AF80E08EF1
:1050700018B9E08F002800F08980206881688907CE
:105080000CD5E18E51B1012D08D1216B002531F8ED
:10509000022BC2602163E18E0139E1868168C90774
:1050A000DED0E18F0029DBD0C068A16B012521F89B
:1050B000020BA163E08F0138E087D1E739B139787D
:1050C0000173206B01302063E08E0138E0860125FA
:1050D00018F1010032D101E0FEF7FCFBE08E10B9BF
:1050E000E08F002852D02068816889070ED5E18EB4
:1050F00061B1012D0AD1216B002509780173216B63
:10510000206801312163E18E0139E1868168C90798
:10511000E2D0E18F0029DFD0C068A16B01250870C3
:10512000A06B0130A063E08F0138E087D4E700BFB7
:10513000FEF7D0FBA0EB0900404547D2E08E08B94E
:10514000E08F18B32068816889070ED5E18E61B1C0
:10515000012D0AD1216B002509780173216B20688C
:1051600001312163E18E0139E1868168C907DFD011
:10517000E18F0029DCD0C068A16B01250870A06B0D
:105180000130A063E08F0138E087D1E7204602219B
:1051900001224346CDF8009007F0C8F940B92046F7
:1051A000802100224346CDF8009007F0BFF9B8B146
:1051B000606D40F02000606520206065002084F86C
:1051C0005000012003B0BDE8F08300BF012084F847
:1051D0005100002084F85000032003B0BDE8F083A4
:1051E000A06838B9002002902068C16802918068E8
:1051F00002900298012084F85100002084F85000A9
:10520000606D002818BF012003B0BDE8F0830000E6
:10521000411E0020B0EB116F1CBF012070474EF201
:105220001002CEF2000251604EF62351CEF2000180
:10523000F0230B70072190601160704770470000E9
:105240007047000090F83C20012A4FF0020236D04F
:1052500010B580F83D200268D2F804E0D2F808C00A
:105260000C682EF07003234340F2FF74C4F2000474
:10527000A24253600ADCB2F1804F13D040F20043E7
:10528000C4F200039A420DD011E000BF42F6004381
:10529000C4F201039A4205D040F60003C4F20003B1
:1052A0009A4204D149682CF080031943916001218E
:1052B000002280F83D1080F83C20BDE810401046E8
:1052C00070470000002804BF0120704710B590F817
:1052D0003D1031B9002180F83C10044600F070F810
:1052E0002046022180F83D10016840F2FF740B68EF
:1052F000C4F2000442F6004CA142C4F2010C15DCD9
:10530000B1F1804F1AD040F20042C4F20002914243
:1053100014D0A14218DCB1F1804F1DD040F2004200
:10532000C4F20002914217D01AE000BF614505D0D7
:1053300040F60002C4F200029142EAD1826823F0F2
:1053400070031343A142E6DD614505D040F600023B
:10535000C4F20002914203D1026923F44073134363
:10536000846923F08002D0F804E0C36822436145D9
:105370000A60CB62C1F828E002D14269CCF8302043
:1053800001224A610B69DB0703D00B6923F001039B
:105390000B6180F8462080F83E2080F83F2080F89E
:1053A000402080F8412080F8422080F8432080F897
:1053B000442080F8452080F83D20002010BD0000EA
:1053C000006840F20041C4F20001884218BF7047F3
:1053D00080B582B041F21C00C4F2020001680022D4
:1053E00041F0020101600068002100F0020001901C
:1053F00001981D20FEF72AFE1D2002B0BDE8804066
:10540000FEF712BE90F83C20012A4FF002026CD049
:1054100080B580F83D20D0F800C04FF67772DCF8F8
:10542000083023EA0202CCF808200B684F2B29DC55
:105430001F2B45DD202B46D0302B44D0402B40F095
:10544000AF80D1F804E0C968DCF82030DCF8202017
:1054500022F00102CCF82020DCF8182022F0F00223
:1054600042EA011123F00A0242EA0E02CCF81810B7
:10547000CCF82020DCF8081041F0470121F0300181
:1054800028E000BF6F2B33DDB3F5005F74D0B3F5B8
:10549000805F21D0702B40F08380D1E901E3C9689F
:1054A000DCF8082043EA0E0322F47F4243EA01219C
:1054B0001143CCF80810DCF8081041F0770109E03E
:1054C0000BB1102B6CD1DCF8081021F070011943DE
:1054D00041F00701CCF808100022012180F83D10AE
:1054E000002180F83C10BDE880401046704700BFA6
:1054F000502B21D0602B53D1D1F804E0C968DCF8DF
:105500002030DCF8202022F01002CCF82020DCF83B
:10551000182022F4704242EA013123F0A00242EA4C
:105520000E12CCF81810CCF82020DCF8081041F04E
:10553000670121F01001CDE7D1F804E0C968DCF87B
:105540002030DCF8202022F00102CCF82020DCF80A
:10555000182022F0F00242EA011123F00A0242EA86
:105560000E02CCF81810CCF82020DCF8081041F01E
:10557000570121F02001ADE7D1E901E3C968DCF86A
:10558000082043EA0E0322F47F4243EA012111433B
:10559000CCF80810DCF8081041F480419AE700BF0D
:1055A00001229AE77047000070B504460068C5689C
:1055B0000669B10716D515F0020113D06FF002018C
:1055C0000161012121778069800703D02046FFF720
:1055D000E9FF05E0204600F08FF8204600F08EF845
:1055E00000202077700719D515F0040016D0206828
:1055F0006FF00401016102212177806910F4407F7E
:1056000004D02046FFF7CEFF06E000BF204600F0A2
:1056100073F8204600F072F800202077300717D585
:1056200015F0080014D020686FF008010161042112
:105630002177C069800703D02046FFF7B3FF05E05C
:10564000204600F059F8204600F058F80020207756
:10565000F00619D515F0100016D020686FF0100173
:10566000016108212177C06910F4407F04D02046F1
:10567000FFF798FF06E000BF204600F03DF8204607
:1056800000F03CF800202077F00718BF15F001006B
:1056900002D1300609D412E020686FF001010161E7
:1056A000204600F02DF8300609D515F0800006D010
:1056B00020686FF0800101612046FFF7BFFD700692
:1056C00009D515F0400006D020686FF04001016157
:1056D000204600F017F8B00658BF70BD15F0200046
:1056E00008D021686FF0200220460A61BDE87040B2
:1056F000FFF7A6BD70BD00007047000070470000B6
:1057000070470000704700007047000010B5044665
:10571000206850E8030F216820F4907041E80302EC
:10572000BAB3206850E8030F216820F4907041E874
:10573000030272B3206850E8030F216820F49070D0
:1057400041E803022AB3206850E8030F216820F4DF
:10575000907041E80302002ADAD11AE0206850E88C
:10576000050F216820F0010041E80502DAB1206848
:1057700050E8050F216820F0010041E8050292B1D0
:10578000206850E8050F216820F0010041E805027B
:105790004AB1206850E8050F216820F0010041E877
:1057A0000502002ADAD1206B012824D1206850E8B4
:1057B000030F216820F0100041E80302DAB12068ED
:1057C00050E8030F216820F0100041E8030292B175
:1057D000206850E8030F216820F0100041E8030220
:1057E0004AB1206850E8030F216820F0100041E81A
:1057F0000302002ADAD120684069400636D500BF8E
:10580000206850E8050F216820F0400041E80502BB
:10581000DAB1206850E8050F216820F0400041E827
:10582000050292B1206850E8050F216820F0400081
:1058300041E805024AB1206850E8050F216820F0D0
:10584000400041E80502002ADAD1E06B70B1002186
:105850004163FDF78DFE48B1E06BFDF709FF20289D
:1058600004D110206064032010BD00BF002020215F
:10587000E08584F84210206310BD000070470000EE
:10588000B0B582B001680A68CC684B6902F02F0598
:10589000202D04F0200505D125B102B0BDE8B040AF
:1058A00006F08ABF5FEA027C1EBF03F0010E04F41B
:1058B000907313EB0E0341D1036BD50618D5012B62
:1058C00016D114F0100313D0002201920A6801923D
:1058D0004A680192019A496949064BD4818DC28D6B
:1058E000C38D002B18BF914240F0F48102B0B0BDCF
:1058F00013062DD514F080032AD090F84120212AD8
:10590000F4D18268B2F5805F03D10269002A00F009
:105910006782026A531C036212784A60C28C013AA1
:105920001304C284E2D1C86820F08000C860C8684F
:1059300040F04000C86002B0B0BD00BFD30718BF40
:1059400014F4807340F0D080530700F1D380D8E086
:105950005206CBD514F04002C8D0CA6822F04002EB
:10596000CA60202180F8411002B0BDE8B04000F0CC
:1059700071BC00BFC16B0A68526893B2002BB5D0EE
:10598000858DAB42B2D2C2858969202900F0A18001
:10599000016851E8031F026821F4807142E8031393
:1059A000DBB1016851E8031F026821F4807142E80D
:1059B000031393B1016851E8031F026821F4807159
:1059C00042E803134BB1016851E8031F026821F458
:1059D000807142E80313002BDAD1016851E8051FFA
:1059E000026821F0010142E80513C3B3016851E8E0
:1059F000051F026821F0010142E805137BB301682D
:105A000051E8051F026821F0010142E8051333B394
:105A1000016851E8051F026821F0010142E8051301
:105A2000002BDAD11BE000BF016851E8051F0268B6
:105A300021F0400142E80513DBB1016851E8051F80
:105A4000026821F0400142E8051393B1016851E872
:105A5000051F026821F0400142E805134BB10168BF
:105A600051E8051F026821F0400142E80513002BB0
:105A7000DAD1202180F8421000210163016851E849
:105A8000031F026821F0100142E80313DBB1016833
:105A900051E8031F026821F0100142E8031393B19B
:105AA000016851E8031F026821F0100142E8031366
:105AB0004BB1016851E8031F026821F0100142E870
:105AC0000313002BDAD1C16B04460846FDF750FDE5
:105AD000204602214163818DC28D891A89B202B0AC
:105AE000BDE8B040FFF710BE436C43F001034364D0
:105AF000530706D5BEF1000F03D0436C43F00203F9
:105B00004364930706D5BEF1000F03D0436C43F006
:105B100004034364BCF1000F06D55EEA050303D01D
:105B2000436C43F008034364436C002B3FF4DEAE48
:105B3000920605D525B1044606F03EFE21682046B2
:105B40004969426C01F0400102F00802891800F036
:105B5000B98000BF016851E8031F026821F4907109
:105B600042E80313BBB3016851E8031F026821F444
:105B7000907142E8031373B3016851E8031F026890
:105B800021F4907142E803132BB3016851E8031F1D
:105B9000026821F4907142E80313002BDAD11AE075
:105BA000016851E8051F026821F0010142E8051370
:105BB000DBB1016851E8051F026821F0010142E8EC
:105BC000051393B1016851E8051F026821F0010136
:105BD00042E805134BB1016851E8051F026821F046
:105BE000010142E80513002BDAD1016B012924D110
:105BF000016851E8031F026821F0100142E8031315
:105C0000DBB1016851E8031F026821F0100142E88E
:105C1000031393B1016851E8031F026821F01001DA
:105C200042E803134BB1016851E8031F026821F0F9
:105C3000100142E80313002BDAD1202180F8421032
:105C40000021016301684969490640F1C380016888
:105C500051E8051F026821F0400142E80513DBB15D
:105C6000016851E8051F026821F0400142E8051370
:105C700093B1016851E8051F026821F0400142E834
:105C800005134BB1016851E8051F026821F040017E
:105C900042E80513002BDAD1C16B002900F09A808D
:105CA0004CF2AD72C0F60002044608464A63FDF7A6
:105CB00083FC00283FF41AAEE06B416B02B0BDE8F4
:105CC000B04008470446FFF7D9FD0020606402B0E9
:105CD000B0BD00BF891A00BF026852E8032F0368F5
:105CE00022F4907243E80325BDB3026852E8032F03
:105CF000036822F4907243E8032575B3026852E802
:105D0000032F036822F4907243E803252DB3026841
:105D100052E8032F036822F4907243E80325002D14
:105D2000DAD11AE0026852E8052F036822F0010276
:105D300043E80525DDB1026852E8052F036822F02B
:105D4000010243E8052595B1026852E8052F036872
:105D500022F0010243E805254DB1026852E8052F03
:105D6000036822F0010243E80525002DDAD1202244
:105D700080F8422000220263026852E8032F036881
:105D800022F0100243E80325DDB1026852E8032F38
:105D9000036822F0100243E8032595B1026852E837
:105DA000032F036822F0100243E803254DB1026877
:105DB00052E8032F036822F0100243E80325002D68
:105DC000DAD1022289B2426302B0BDE8B040FFF7E7
:105DD0009BBC00BF02B0BDE8B040FFF74FBD00BFA5
:105DE000026A32F8023B6FF35F234B60026295E573
:105DF000002804BF0120704710B5044690F8410008
:105E000028B9002084F84000204600F063F82420E0
:105E100084F841002068D4E90212C36823F40053D7
:105E2000C360036923F440531A430261D4E9042395
:105E30001143C268194341F20C639A431143C16094
:105E40004169A26921F44071114343F60002C4F292
:105E500001029042416103D0FEF71CFB02E000BF4B
:105E6000FEF72CFBD4E90023192148439900B0FB2D
:105E7000F1F048F21F5CC5F2EB1CA0FB0C314FF6B1
:105E80009C734909C0F6FF7301FB0300322303EB47
:105E90000010A0FB0C03F02000EA531000EB0110EF
:105EA000C3F34311084490601069202120F490400E
:105EB0001061506920F02A005061D06840F4005011
:105EC000D0600020606484F8411084F84210606360
:105ED00010BD0000F0B585B0006844F20041C4F286
:105EE000000188424FF00001CDE90311CDE9011115
:105EF0004AD044F60001C4F20001884222D043F6A1
:105F00000001C4F20101884275D141F21800C4F2C7
:105F100002000168252441F48041016001684FF4CA
:105F2000806701F4804100910099016841F004010B
:105F30000160006800F00400009000984FF40070C9
:105F40003BE000BF41F21800C4F202004168272480
:105F500041F48021416041684FF4006701F48021E1
:105F600000910099016841F008010160006800F0AB
:105F700008000090009840F60000C4F2010000F50F
:105F800080654FF480601CE041F21800C4F202000A
:105F90004168262441F4003141604168082701F43A
:105FA000003100910099016841F00401016000682E
:105FB00000F0040000900098042040F60005C4F2B0
:105FC0000105019002200290032001AE04902846B2
:105FD0003146FDF763FB0020CDE90200284631463B
:105FE0000197FDF75BFB204600210022FEF72EF80B
:105FF0002046FEF719F805B0F0BD000090F84230D9
:10600000202B07D100294FF0010318BF002A05D12A
:106010001846704702231846704700BF00230363E9
:10602000816222218285C285436480F84210016921
:10603000006819B1C16841F48071C160416941F0E3
:1060400001014161C16841F02001C16018467047FB
:10605000006844F60001C4F20001884224D044F2F2
:106060000041C4F20001884218BF704740F200129C
:10607000C2F20002108840F24011B0F5FF7FC2F278
:10608000000109D8431C91F805C0138040F230226A
:10609000C2F2000202F800C040F684100531C2F2DC
:1060A00000000122FFF7AABF40F24010C2F2000038
:1060B000811D40F6CC10C2F200000122FFF79EBF06
:1060C0002DE9F04381B0044690F84100202809D121
:1060D00000294FF0010018BF002A07D101B0BDE828
:1060E000F08300BF022001B0BDE8F08300206064AF
:1060F00021201D460E4684F841001746FDF7EAFBB5
:10610000A784E784A1688146B1F5805F02D1206948
:1061100000285DD037460020E28C2168002A5DD03F
:106120006A1C24D0002D4AD0804600BF08680006B3
:1061300008D4FDF7CFFBA0EB0900A8427AD821686C
:10614000C868F3E717B117F8010B04E038F8020B41
:1061500000276FF35F204860E08C0138E084E08C1A
:106160000028E3D13AE000BF0A68120609D40A68A1
:10617000120606D40A6812065CBF0A685FEA026269
:10618000F2D51FB117F8012B05E000BF30F8022B44
:1061900000276FF35F224A60E28C013AE284E28CCE
:1061A000002AE4D11AE000BF30F8022B00276FF379
:1061B0005F224A60E28C013AE284E28C72B10A68A2
:1061C000120635D5002FEFD017F8012BF1E700BFED
:1061D00000273046E28C2168002AA1D108684006D9
:1061E0001ED42DB3681C14D1086840062AD4086850
:1061F000400627D40868400624D4086840064FF0BB
:106200000000F1D50DE000BF2068C16800684006BD
:1062100018D4FDF75FFBA0EB0900A842F4D909E010
:106220000020202184F8411001B0BDE8F08300BFB8
:10623000FDF750FB0320202184F8411001B0BDE898
:10624000F08300BF0020202184F8411001B0BDE898
:10625000F083000070470000FEE700002DE9F047E2
:1062600082B0044600689A460B9D0A9E03689146D8
:1062700043F48062026002680F4642F4807101605C
:1062800020464FF0011100223346009500F032F90C
:1062900050B120680068C00544BF4FF4007020640E
:1062A000032002B0BDE8F08740F202082068C0F287
:1062B000010807F0FE0707612046414632462B469B
:1062C00000F0FEF920B1012002B0BDE8F08700BF68
:1062D0000020019020682A46416901918069314679
:1062E00001900198204600F09FFAB0B92068BAF1F9
:1062F000010F09D04FEA19210161204631462A4693
:1063000000F092FA48B920685FFA89F101612046ED
:1063100031462A4600F088FA60B1206C0428D2D1B8
:106320002068016841F400710160012002B0BDE8FD
:10633000F08700BF206800220168334641F4807175
:10634000016020464FF00111009500F0D3F80028BD
:106350009FD147F0010C27682046414632462B4624
:10636000C7F810C002B0BDE8F04700F0A9B90000BE
:106370002DE9F04383B0044600680F4601680A9D8A
:106380000B9E41F4807199469046016020464FF083
:10639000011100222B46009600F0ACF850B12068A5
:1063A0000068C00544BF4FF400702064032003B0B0
:1063B000BDE8F083206807F0FE0101610221C0F210
:1063C000010120462A46334600F07AF920B1012027
:1063D00003B0BDE8F08300BF002002902068324681
:1063E000416902918069294602900298204600F096
:1063F0001BFA58B1206C0428E9D12068016841F4E7
:1064000000710160012003B0BDE8F0832068B9F19C
:10641000010F0AD04FEA1821016120462946324671
:1064200000F002FA0028E5D120685FFA88F10161E6
:10643000002003B0BDE8F08370B50368044653F84C
:10644000140F400711D40E46481C29D086BB00BF4C
:106450001868400527D4FDF73DFA236853F8140F58
:10646000400737D518684007F2D5002070BD00BF3F
:1064700018684007F9D41868400514D41868400714
:10648000F3D4186840050ED418684007EDD4186896
:10649000400508D4186840074FF0000048BF70BDA1
:1064A00018684005E4D56FF480601860042012E09D
:1064B000154603E053F8140F4007D6D4186840057A
:1064C000F1D4FDF707FA401B2368B042F2D95869AE
:1064D0004007EFD4202000212022216384F83D20B2
:1064E00084F83E10226C10432064012084F83C1094
:1064F00070BD00002DE9F041054600681E461446B7
:1065000001F47F0201338FB242D0DDF81880B2F57A
:10651000803F40F0878040693840C01BB0FA80F06F
:106520004009844240F0C8804EB924E040693840B8
:10653000C01BB0FA80F04009844240F0BD80FDF7F6
:10654000C9F9A0EB08012868B142EFD94169394087
:10655000C91BB1FA81F149098C42E7D19BE000BF28
:1065600040693840C01BB0FA80F0400984424FF0C7
:10657000000040F0A280FDF7ADF92868416939407C
:10658000C91BB1FA81F149098C42E9D183E000BF0E
:10659000B2F5803F24D100BF41693940C91BB1FA2F
:1065A00081F149098C4240F0878041693940C91B1B
:1065B000B1FA81F149098C4240F07E80416939404D
:1065C000C91BB1FA81F149098C4275D14169394041
:1065D000C91BB1FA81F149098C42DDD06CE000BFE2
:1065E00081693940C91BB1FA81F149098C4263D1F3
:1065F00081693940C91BB1FA81F149098C425BD1EB
:1066000081693940C91BB1FA81F149098C4253D1E2
:1066100081693940C91BB1FA81F149098C42DFD047
:106620004AE000BF80693840C01BB0FA80F04009E2
:10663000844241D146B923E080693840C01BB0FA9A
:1066400080F04009844237D1FDF744F9A0EB0801FE
:106650002868B142F0D981693940C91BB1FA81F18A
:1066600049098C42E8D116E080693840C01BB0FA75
:1066700080F0400984424FF0000018BFBDE8F0816F
:10668000FDF728F9286881693940C91BB1FA81F101
:1066900049098C42E8D100202021286385F83D106B
:1066A00085F83E00296C41F02001296485F83C0002
:1066B0000120BDE8F08100BF0020BDE8F0810000AE
:1066C000F0B581B0044600681D4643698FB203EA05
:1066D0000701B94202D1002001B0F0BD4169164660
:1066E00001323CD0490512D47EB300BFFDF7F2F869
:1066F000411B2068B14203D941693940B9422BD1CD
:1067000041693940B942E6D041694905EED5016891
:1067100041F4007101606FF4806141610420002147
:106720002022216384F83D2084F83E10226C10431F
:10673000206484F83C10012001B0F0BD416939406B
:10674000B942C8D041694905E1D4FDF7C3F82068D2
:1067500041693940B942F1D02020E0E7416949055B
:10676000D5D441693940B942B5D041694905CED443
:1067700041693940B942AED041694905C7D4416940
:106780003940B942A7D041694905C0D4416939406F
:10679000B942E3D19FE7000070B504460068154692
:1067A00050F8143F5A063DD40E4629B926E000BFE2
:1067B00050F8141F490635D40168C90621D4FDF7E5
:1067C00089F8411B2068B142F2D941694906EFD4EA
:1067D00000202021206384F83D1084F83E00206CC6
:1067E00040F0200018E000BFFDF774F8206850F872
:1067F000141F4906ECD50168490613D40168C9067F
:10680000F2D56FF01001016000202021206384F890
:106810003D1084F83E00206C2064002084F83C0089
:10682000012070BD002070BD70B50368044653F8A8
:10683000140F000611D40E46481C29D086BB00BF99
:106840001868400527D4FDF745F8236853F8140F5E
:10685000000637D518680006F2D5002070BD00BFCD
:1068600018680006F9D41868400514D418680006A2
:10687000F3D4186840050ED418680006EDD41868E3
:10688000400508D4186800064FF0000048BF70BDEE
:1068900018684005E4D56FF480601860042012E0A9
:1068A000154603E053F8140F0006D6D418684005C7
:1068B000F1D4FDF70FF8401B2368B042F2D95869B4
:1068C0000006EFD4202000212022216384F83D20FF
:1068D00084F83E10226C10432064012084F83C10A0
:1068E00070BD000070B586B06D4604462020294674
:1068F0001822F9F775FF20680099814200F0B080F6
:106900002A1D20681168814200F0AA8005F1080361
:1069100020681968814200F0A38005F10C0E206800
:10692000DEF80010814200F09B8005F1100C206819
:10693000DCF80010814200F093801435206829684B
:10694000814200F08D809DF80000FF2800D098B9AA
:106950009DF80100FF2800D070B99DF80200FF28C3
:1069600000D048B99DF803602020FF2E694600F052
:106970008480002E00F081809DF80400FF2800D064
:1069800088B99DF80500FF2800D060B99DF8060081
:10699000FF2800D038B99DF807102420002963D0C3
:1069A000FF29114669D09DF80800FF2800D088B95A
:1069B0009DF80900FF2800D060B99DF80A00FF2863
:1069C00000D038B99DF80B10282000294ED0FF299F
:1069D000194652D09DF80C00FF2800D080B99DF8D0
:1069E0000D00FF2800D058B99DF80E00FF2800D0F8
:1069F00030B99DF80F102C20D1B3FF2971463CD03F
:106A00009DF81000FF2800D080B99DF81100FF28E4
:106A100000D058B99DF81200FF2800D030B99DF879
:106A20001310302031B3FF29614626D09DF81400A1
:106A3000FF2800D080B99DF81500FF2800D058B974
:106A40009DF81600FF2800D030B99DF817103420AB
:106A500091B1FF29294610D0022006B070BD00BFB9
:106A6000012006B070BD00BF114606E0194604E0E3
:106A7000714602E0614600E0294622680A6004226D
:106A8000F9F792FF002006B070BD000010B586B087
:106A90000446694620201822F9F7A2FE20680099D2
:106AA000814217D020680199814213D02068029951
:106AB00081420FD02068039981420BD0206804994D
:106AC000814207D020680599081AB0FA80F0400981
:106AD00006B010BD012006B010BD00002DE9F04F3A
:106AE00085B00C468146FCF7F5FE47F23051471859
:106AF00040F23440C2F2000000F5C0764FF0000BC7
:106B000030468021CDF810B0CDE902BBCDE900BB05
:106B1000F9F721FB02F046FDFCF7DCFEB84280F0FD
:106B20008380EA464FF0000807E000BF1420FCF71E
:106B3000A1FDFCF7CFFEB84276D200F04FF9002855
:106B4000F4D00A281ED85FFA88F1A14267D240F03B
:106B500030020A2808BF302209F80120304680217F
:106B600008F10108F9F7F7FA5FFA88F55046294667
:106B70002A22F9F7E9FA0AF805B00020182152464E
:106B800043E000BF0D2821D00E2803D00F2846D1A6
:106B90005CE000BF5FFA88F0A0425DD000202021B9
:106BA00031A2012302F0D2FC02F0FCFC4FF47A7017
:106BB000FCF760FD40F23440C2F2000000F50070C6
:106BC0008021F9F7C8FA02F0EDFC28E05FEA0860DE
:106BD00014D0A8F101085FFA88F53046802109F841
:106BE00005B0F9F7B8FA6DB1504629462A22F9F7EF
:106BF000ABFA52460AF805B005E000BF4FF00008B6
:106C00000DE000BF1CA200201821012302F09EFC11
:106C100002F0C8FC03E000BF0A20FCF72BFD00F0E7
:106C2000DDF80028F8D181E714A2002028210123F3
:106C3000012602F08BFC02F0B5FC4FF47A70FCF7F1
:106C400019FD304605B0BDE8F08F00BF0126304683
:106C500005B0BDE8F08F00BF002609F8046030469B
:106C600005B0BDE8F08F00BF4E6565642036206436
:106C700069676974732100005F00000054696D65E5
:106C80006F757421000000002DE9F04186B04FF0CF
:106C9000000841F22006CDE90488CDE90288C4F25B
:106CA000020656F8080C40F0080046F8080C56F8A2
:106CB000080C00F008000190019856F8080C40F00C
:106CC000100046F8080C56F8080C00F0100001906F
:106CD0000198FDF7FDF9306820F001003060306860
:106CE00020F004003060306820F00100306030682F
:106CF00020F004003060FDF7E5F940F600444FF461
:106D00007040C4F2010402AD0290012720462946DA
:106D100003970597FCF7C2FC20464FF47041002210
:106D2000FCF7D2FD4FF44070CDE902082046294619
:106D30000497FCF7B3FC4FF44040029004F58060E8
:106D40002946FCF7ABFC316802A006F09BFB06B0BD
:106D5000BDE8F08142444352203D20307825303850
:106D6000580D0A00B0B500F039F8F8B140F2F80457
:106D7000C2F200046188884220D16178012905D8D7
:106D80004A1C012962701CBF0020B0BD6168F9B1C6
:106D90002178D9B90546FCF79DFD6168401AB0F528
:106DA000487F13D3012020702846B0BD40F2F8017F
:106DB000C2F200010020C1E90000B0BD6080FCF714
:106DC00089FD606000202080B0BD00BF0020B0BD04
:106DD000FCF780FD606000202070B0BD2DE9F0431D
:106DE00081B040F60049C4F2010948464FF4805191
:106DF0000022FCF769FD48464FF460410122FCF790
:106E000063FD0120FCF736FC48464FF48071FCF727
:106E10004DFD064648464FF40071FCF747FD09F565
:106E20008065074628464FF48041FCF73FFD044645
:106E300028464FF40041FCF739FD002818BF002C0C
:106E400036D11420FCF716FC48464FF48071FCF74D
:106E50002DFDB0FA80F0440948464FF40071FCF76C
:106E600025FD002828464FF4804108BF0234FCF776
:106E70001DFD002828464FF4004108BF0434FCF7EC
:106E800015FD002808BF0834E3B2082B4FF00006B8
:106E900000F25481002000210022DFE813F00D00F1
:106EA0002F013F014F0137014F014F014F014701B2
:106EB000002FC6D0002EC4D048464FF40051002207
:106EC000FCF702FD48464FF450410122FCF7FCFC60
:106ED0000120FCF7CFFB48464FF48071FCF7E6FC3D
:106EE000064648464FF40071FCF7E0FC074628468A
:106EF0004FF48041FCF7DAFC044628464FF4004189
:106F0000FCF7D4FC002818BF002C35D11420FCF766
:106F1000B1FB48464FF48071FCF7C8FCB0FA80F032
:106F2000440948464FF40071FCF7C0FC002828468D
:106F30004FF4804108BF0234FCF7B8FC0028284613
:106F40004FF4004108BF0434FCF7B0FC002808BF30
:106F50000834E0B208284FF0000600F2EF8001216B
:106F60000122DFE810F00D00CB00DB00EB00D300C6
:106F7000EB00EB00EB00E300002FC7D0002EC5D0E4
:106F800048464FF480410022FCF79EFC48464FF4EF
:106F900030410122FCF798FC0120FCF76BFB4846CE
:106FA0004FF48071FCF782FC064648464FF40071AE
:106FB000FCF77CFC074628464FF48041FCF776FC42
:106FC000044628464FF40041FCF770FC002818BF27
:106FD000002C31D11420FCF74DFB48464FF4807152
:106FE000FCF764FCB0FA80F0440948464FF40071A5
:106FF000FCF75CFC002828464FF4804108BF0234AF
:10700000FCF754FC002828464FF4004108BF043424
:10701000FCF74CFC002808BF0834E1B208294FF007
:10702000000600F28B8002200222DFE801F00967EF
:1070300077876F8787877F00002FCBD0002EC9D03E
:1070400048464FF4004100220026FCF73DFC48462C
:107050004FF4E0410122FCF737FC0120FCF70AFB6A
:1070600048464FF48071FCF721FC804648464FF4B7
:107070000071FCF71BFC074628464FF48041FCF7E3
:1070800015FC044628464FF40041FCF70FFC00288D
:1070900018BF002C5CD11420FCF7ECFA48464FF4E2
:1070A0008071FCF703FCB0FA80F0440948464FF4C5
:1070B0000071FCF7FBFB002828464FF4804108BF15
:1070C0000234FCF7F3FB002828464FF4004108BFC8
:1070D0000434FCF7EBFB002808BF0834E0B2431E81
:1070E000072B4FF0000629D8032003210322DFE8F5
:1070F00003F00515250D2525251D00BF4EF236711F
:10710000C0F6000101EBC00017E000BF4EF2367080
:10711000C0F6000000EBC20004300EE04EF2367004
:10712000C0F6000000EBC100023006E04EF23670FF
:10713000C0F6000000EBC2000630068848464FF457
:1071400070410022FCF7C0FB304601B0BDE8F0837F
:10715000002FA0D0B8F1000FF0D19CE7B0B58AB0F5
:10716000002509A8CDE90755CDE90555CDE9035519
:10717000CDE9015503F0A0FBC820FCF77BFA40F2F3
:107180003C1440F26010C2F20004C2F20000C821B8
:107190006580F8F7E0FF01A9002003F04FFE00280A
:1071A00046D04EF65140C0F60000012106F06AF9C3
:1071B0004FF49670FCF75EFA40F26010C2F20000E5
:1071C000C8216580F8F7C7FF01A9002003F036FE4B
:1071D00070B34EF65140C0F60000022106F052F99D
:1071E0004FF49670FCF746FA0020608040F2601081
:1071F000C2F20000C821F8F7AEFF01A9002003F099
:107200001DFEA8B14EF65140C0F60000032106F065
:1072100039F94FF49670FCF72DFA21784EF6D930F3
:10722000C0F600000AB0BDE8B04006F02BB900BFC0
:107230009DF8041003A021700AB0BDE8B04006F02C
:1072400021B900BF46696E67657220736C6F742048
:107250007573616765206C6F616465643A2030788E
:10726000253032580D0A00002DE9F04F8FB040F262
:107270000411C2F20001097842220B2902EB011429
:107280000CD34EF66810C0F60000214606F0FAF85E
:107290000120C0B20FB0BDE8F08F00BF0178B0F898
:1072A00001208DF82B10D0F803100790D0F80700BC
:1072B00040F63409CDF82E10CDF832004FF0000A18
:1072C0000DF12B0B4FF47A78C2F200090121002056
:1072D000ADF82C200890099104EB0A071BF80A600E
:1072E000BDB228463146F9F7B5FA0DF13B000090E2
:1072F000012001904846A1212A460123CDF80880AB
:10730000FCF7A0FB9DF83B30B34205D10AF1010A1E
:10731000BAF1100FE0D10FE044A03946324606F032
:10732000B1F8BAF10F0F0AF1010A4FF000014FF066
:1073300001000890CFD169E00998C00766D040F2FB
:107340000416C2F20006317841F69A1201314A431E
:10735000120C707802EB8202A1EB42010928317015
:107360009CBF01307070C9B24020F9F773FA052054
:10737000FCF780F971784120F9F76CFA0520FCF7E9
:1073800079F940F634004FF47A7401250DF13B078A
:10739000C2F20000A12140220123CDE90075029430
:1073A000FCF750FB9DF83B003178884236D140F61F
:1073B0003400C2F20000A12141220123CDE9007571
:1073C0000294FCF73FFB9DF83B707078874225D113
:1073D000079896F800C081790278437890F802E027
:1073E000C57804794079CDE900E5CDE902404EF653
:1073F0008710C0F60000CDF810C0059706F042F8DF
:107400000020C0B20FB0BDE8F08F00BF16A006F09C
:107410004FFD0898C0B20FB0BDE8F08F1AA006F07B
:1074200047FD0120C0B20FB0BDE8F08F4C6F672060
:107430007772697465206572726F72206174206161
:10744000646472203078253034583A2077726F7433
:1074500065203078253032582C20726561642030E8
:1074600078253032580D0A004C6F672077726974A6
:107470006520766572696669636174696F6E2066FE
:1074800061696C6564210D004C6F6720696E6465ED
:10749000782F636F756E74207570646174652066F3
:1074A00061696C6564210D00F0B585B040F6340467
:1074B00001270DF11200C2F200044FF47A76CDE9F3
:1074C00000072046A121402201230296FCF7BAFAC8
:1074D0009DF8120040F20415C2F2000528700DF16B
:1074E0001300CDE900072046A12141220123029685
:1074F000FCF7A8FA29789DF813000A29687024BFC0
:10750000002129700B2824BF0020687005B0F0BD51
:107510000A46014601A005F0B5BF00BF4C6F673AAF
:1075200020747970653D25642C20696E666F3D2559
:10753000730D0A00F0B583B01C4615460E4607468B
:10754000F9F782FE40F22400C2F20000817902794C
:107550008DF801108DF8022001784278C378807888
:107560008DF803308DF8040001208DF807000DF12F
:1075700001008DF805208DF806108DF808708DF843
:1075800009608DF80A508DF80B40FFF76DFE03B0CF
:10759000F0BD0000412818BF7047F0B581B040F63B
:1075A00000049020C4F201048DF802000026204659
:1075B000102100228DF801601027FCF785F940F6B4
:1075C0009C05C2F200050DF10201284601224FF090
:1075D000FF33FDF7B5FB0DF10101284601224FF005
:1075E000FF33FDF7ADFA204610210122FCF76CF9BC
:1075F0009DF80100102100F0F7008DF803002046EF
:1076000000228DF80270FCF75FF90DF102012846A7
:1076100002224FF0FF33FDF793FB20461021012299
:10762000FCF752F943F62250ADF802002046102133
:107630000022FCF749F90DF10201284602224FF021
:10764000FF33FDF77DFB204610210122FCF73CF9BA
:1076500048F22E60ADF80200204610210022FCF70F
:1076600033F90DF10201284602224FF0FF33FDF7F6
:1076700067FB204610210122FCF726F947F64C70E3
:10768000ADF80200204610210022FCF71DF90DF193
:107690000201284602224FF0FF33FDF751FB20463E
:1076A00010210122FCF710F941F65A60ADF80200F2
:1076B000204610210022FCF707F90DF102012846AF
:1076C00002224FF0FF33FDF73BFB20461021012241
:1076D000FCF7FAF85820ADF80200204610210022ED
:1076E000FCF7F2F80DF10201284602224FF0FF33B9
:1076F000FDF726FB204610210122FCF7E5F848F6AD
:107700005450ADF80200204610210022FCF7DCF8AE
:107710000DF10201284602224FF0FF33FDF710FB66
:10772000204610210122FCF7CFF843F65660ADF851
:107730000200204610210022FCF7C6F80DF10201DC
:10774000284602224FF0FF33FDF7FAFA20461021B7
:107750000122FCF7B9F800BF00BF00BF00BF00BFA7
:1077600000BF00BF00BF00BF00BF00BF00BF00BF21
:1077700000BF00BFA82000BF8DF8020020461021E6
:1077800000228DF80160FCF79FF80DF102012846F8
:1077900001224FF0FF33FDF7D3FA0DF10101284626
:1077A00001224FF0FF33FDF7CBF9204610210122D3
:1077B000FCF78AF89DF80100282140F003008DF8BD
:1077C00002108DF80300204610210022FCF77CF8FF
:1077D0000DF10201284602224FF0FF33FDF7B0FA07
:1077E000204610210122FCF76FF801B0BDE8F040FF
:1077F0007047000010B50446007B012802D12068C4
:1078000006F0F8FA00202073C4E90000A06010BD63
:10781000002A04BF012070472DE9F04F83B0814654
:10782000DDF840B0DDE90E54DDE90C7610468A46FD
:1078300002930192F8F7B6FC002F18BF022700F15F
:10784000110800905DB128460437F8F7ABFCC5B2CB
:107850002046F8F7A7FC2844404400F10408002E15
:1078600018BF47F00C07BBF1000F18BF47F0240703
:10787000B9F1000F4FF0030018BFBAF1000F03D1A8
:1078800003B0BDE8F08F00BF119C4846F8F78AFCB2
:1078900006465046F8F786FC304440442168051DF2
:1078A000AEB239B3A1680220207300294FF0000066
:1078B0004AD0002122684B1C5054A268934214D233
:1078C00022688B1C0A445070A26893420DD2226831
:1078D000CB1C0A449070A268934206D222680A44E4
:1078E000D070A26804319142E4D3B242606035D2D4
:1078F0002EE000BF01202073304606F0A3FA0028D6
:1079000020605DD000202904C4E9010626D00021B2
:1079100022684B1C5054A26893421FD222688B1CD1
:107920000A445070A268934218D22268CB1C0A44C1
:107930009070A268934211D222680A44D070A26863
:1079400004319142E4D309E00022B242606005D2E2
:1079500000202060042003B0BDE8F08F206878B3D9
:107960003146F8F7F8FBD4E900014A1C62601022A6
:107970004254701FD4E9001200F07F06C3098E54F0
:1079800022D00A4440F08001117003F07F01517051
:10799000DDE90118860B1BD043F08003537006F01D
:1079A0007F05430D957015D046F08006967003F064
:1079B0007F06B0F1805FD67080F0D08004200AE0AE
:1079C000042003B0BDE8F08FDDE90118012002E0DA
:1079D000022000E00320D4E900231844431C636024
:1079E00000231354D4E90002531C6360042383541E
:1079F000D4E90002561C66604D268654D4E9000284
:107A0000561C666051268654D4E90002561C6660F6
:107A100054268654D4E90002551C65608654D4E986
:107A20000002009D561C66608354D4E9000267F092
:107A30003F03561C66608354D4E900024FEA1823C2
:107A4000561C66608354D4E90002531C636000F83E
:107A50000280D4E900022B0A561C66608354D4E9E4
:107A600000022EB2531C63608554D4E90002104416
:107A70003246F8F7ABFB606806447807666038D595
:107A80004EF667180F980E9DC0F60008002818BF24
:107A900080462846F8F786FB2268010A731C63605B
:107AA0009155D4E9001287B2531C63608854D4E91D
:107AB0000012881829463A46F8F788FB6068C5190D
:107AC00040466560F8F76EFB2268010A6B1C636034
:107AD0005155D4E9001287B2531C63608854D4E92D
:107AE0000012881841463A46F8F770FB6068C619DC
:107AF00066604846F8F756FB2268010A731C63600B
:107B00009155D4E9001286B2531C63608854D4E9BD
:107B10000012881849463246F8F758FB6068851904
:107B200050466560F8F73EFB2268010A6B1C6360F3
:107B30005155D4E9001285B2531C63608854D4E9CE
:107B40000012881851462A46F8F740FB606828441E
:107B50006060002003B0BDE8F08F00BF43F08000FC
:107B6000D070207B012802D1206806F043F9002064
:107B70002073C4E90000A060052003B0BDE8F08FC9
:107B8000B0B50446006848B3A068022100284FF051
:107B90000000217358D0002122684B1C5054A26869
:107BA000934214D222688B1C0A445070A2689342FC
:107BB0000DD22268CB1C0A449070A268934206D270
:107BC00022680A44D070A26804319142E4D30020B4
:107BD000012A606029D820600120B0BD01202073F7
:107BE0000220022506F02EF9206078B30020002143
:107BF000C4E9010522684B1C5054A268934214D278
:107C000022688B1C0A445070A26893420DD22268ED
:107C1000CB1C0A449070A268934206D222680A44A0
:107C2000D070A26804319142E4D3206870B16168D9
:107C30004A1C6260C0224254D4E90021481C6060A2
:107C400000205054B0BD00BF606020600120B0BD76
:107C50002DE9F04F85B028B3DDF844A0DDE90EEC46
:107C600000240F5D4FB3232F4FF002061BD02B2FA4
:107C700019D00F197D78DDB1232D14D02B2D12D002
:107C8000BD78BDB1232D0ED02B2D0CD0FF789FB128
:107C9000232F08D02B2F06D004340F5D002FE2D104
:107CA0000BE000BF0126304605B0BDE8F08F00BFF5
:107CB000013402E0023400E003344FF03109BCF13A
:107CC000000F08BF4FF03009BEF1000F26D0BEF103
:107CD000020F05D0BEF1010F62D149F0020901E0A7
:107CE00049F004090427E61806EB070BE2B1177800
:107CF000022F5BD14FF0FF37D61975787D2D00F03C
:107D00002D81B5787D2D00F02B81F5787D2D00F04B
:107D10002981367904377D2EEED124E10227E61839
:107D2000002A06EB070BE2D1DAF800700BF1050828
:107D3000002F77D0DAF808600227002E4FF0000CF1
:107D40008AF80C7000F0FE800026DAF80050771CEC
:107D500005F806C0DAF80850AF4280F0F480DAF88F
:107D60000070374487F801C0DAF80850B71CAF42FA
:107D700080F0E980DAF80070374487F802C0DAF85A
:107D80000850F71CAF4280F0DE80DAF8007037440C
:107D900087F803C0DAF808500436AE42D5D3D2E0F3
:107DA0000326304605B0BDE8F08F00BFDAF800705A
:107DB0000BF10508002F7BD0DAF808600227002EAF
:107DC0004FF0000C8AF80C7000F050810026DAF8B1
:107DD0000070751C07F806C0DAF80870BD4280F024
:107DE0004681DAF80070B51C374487F801C0DAF82C
:107DF0000870BD4280F03B81DAF80070F51C374412
:107E000087F802C0DAF80870BD4280F03081DAF8F5
:107E10000070374487F803C0DAF808700436BE42B1
:107E2000D5D324E1CDE9031001208AF80C004046A7
:107E3000774615461E4606F005F80028CAF80000E9
:107E400000F07481DDE903104FF0000CB8F1000F71
:107E500033462A46BE46CAE901C879D00026DAF878
:107E60000050771C05F806C0DAF80850AF426FD210
:107E7000DAF80070B51C374487F801C0DAF80870EA
:107E8000BD4265D2DAF80070F51C374487F802C0AD
:107E9000DAF80870BD425BD2DAF80070374487F830
:107EA00003C0DAF808700436BE42D8D350E000BFF1
:107EB000CDE9031001208AF80C00404677461546AC
:107EC0001E4605F0BFFF0028CAF8000000F02E8112
:107ED000DDE903104FF0000CB8F1000F33462A46DD
:107EE000BE46CAE901C800F0C6800026DAF8005094
:107EF000771C05F806C0DAF80850AF4280F0BB8066
:107F0000DAF80070B51C374487F801C0DAF8087059
:107F1000BD4280F0B080DAF80070F51C374487F875
:107F200002C0DAF80870BD4280F0A580DAF800706F
:107F3000374487F803C0DAF808700436BE42D5D358
:107F400099E000BF00254545CAF804C0C0F0A980EB
:107F5000DAF80070002F40F09280E7E0013702E08D
:107F6000023700E0033705370197FF1ADAF800609F
:107F70005F4407F103089EB3DAF808600227002E79
:107F80004FF0000C8AF80C7000F086800026DAF8BA
:107F90000070751C07F806C0DAF80870BD427CD284
:107FA000DAF80070B51C374487F801C0DAF80870B9
:107FB000BD4272D2DAF80070F51C374487F802C06F
:107FC000DAF80870BD4268D2DAF80070374487F8F2
:107FD00003C0DAF808700436BE42D8D35DE000BFB3
:107FE000CDE9031001208AF80C004046774616467A
:107FF0001D4605F027FF0028CAF8000000F0968013
:10800000DDE903104FF0000CB8F1000F2B463246AB
:10801000BE46CAE901C84DD00026DAF80050771CE8
:1080200005F806C0DAF80850AF4243D2DAF800701B
:10803000B51C374487F801C0DAF80870BD4239D260
:10804000DAF80070F51C374487F802C0DAF80870D7
:10805000BD422FD2DAF80070374487F803C0DAF84F
:1080600008700436BE42D8D324E000BF002747453D
:10807000CAF804C015D3DAF80070002F56D00E46A7
:108080000490384641467546CDE90223F8F763F877
:108090004FF000081CE000BF00274745CAF804C0A5
:1080A00008D20020CAF800000426304605B0BDE81A
:1080B000F08F00BFDAF80070C7B30E460490384660
:1080C00041467546CDE90223F8F745F8DDF804800E
:1080D000DAE900014A1CCAF8042000F80190DAE944
:1080E00000030BF07F015FEADB12C154314623D05D
:1080F00018444BF08003037002F07F075FEA9B3364
:1081000047701BD042F08002427003F07F075FEAA5
:108110005B52877014D043F08003837002F07F03BA
:10812000BBF1805FC37053D204200AE004263046BE
:1081300005B0BDE8F08F00BF012002E0022000E0A2
:108140000320DAE900231844230A471CCAF8047004
:108150001354DAE90002531CCAF804308454DAE9F3
:10816000000210442246F8F731F8DAF804002044FF
:10817000CAF804006DB10499DAF800300A0A471C05
:10818000CAF804701A54DAE90002531CCAF8043021
:1081900081540299039AA9B10878DAE900370228D4
:1081A00003EB070006D14246F7F7BCFFDAF80400FC
:1081B000404405E01446F7F7B5FFDAF80400204420
:1081C000CAF804000026304605B0BDE8F08F00BFB5
:1081D00042F08001C1709AF80C00012803D1DAF84E
:1081E000000005F007FE00208AF80C00CAE9000034
:1081F000CAF808000526304605B0BDE8F08F00003B
:10820000002804BF012070472DE9F04F81B0994646
:108210009346824688467BB100254E464F465C46D3
:10822000206800283CD0F7F7BDFF0544013F04F16A
:108230000404F5D15C4602E05C46002600250A9F56
:1082400006EB4600396800EB050B0BF1070559B347
:10825000B9680220387300294FF000004ED0002189
:108260003A684B1C5054BA68934214D23A688B1C3B
:108270000A445070BA6893420DD23A68CB1C0A4443
:108280009070BA68934206D23A680A44D070BA68CD
:1082900004319142E4D3AA42786039D232E000BF7F
:1082A000022001B0BDE8F08F01203873284605F0A8
:1082B000C9FD0028386057D00020C7E901053DB34B
:1082C000002100BF3A684B1C5054BA6893421FD239
:1082D0003A688B1C0A445070BA68934218D23A68C4
:1082E000CB1C0A449070BA68934211D23A680A448F
:1082F000D070BA6804319142E4D309E00022AA4266
:10830000786005D200203860032001B0BDE8F08F0E
:10831000396849B37A680BF10200531C7B608223F1
:108320008B54D7E9001300F07F05C209CD541FD04C
:10833000194440F080030B7002F07F05830B4D70F1
:1083400018D042F080024A7003F07F05420D8D7014
:1083500012D043F080038B7002F07F03B0F1805F96
:10836000CB7045D2042008E0032001B0BDE8F08FB7
:10837000012002E0022000E00320D7E90012B9F159
:10838000000F10444FEA1A2200F101037B600A54E7
:10839000D7E9000101F101027A6000F801A022D0C2
:1083A000043C00BF54F8040FF7F7FCFE0546D7E97C
:1083B00000012A0A4B1C7B604254D7E900014A1C89
:1083C0007A604554D7E90002216810442A46F7F73D
:1083D000FDFED7E90001013E294401F101027A6066
:1083E00000F80180DED1002001B0BDE8F08F00BFB1
:1083F00042F08000C870387B012802D1386805F04F
:10840000F9FC00203873C7E90000B860042001B00F
:10841000BDE8F08F417802291CBF012070478178A8
:1084200001298CBFFF20C078704700002DE9F04F74
:1084300083B00478DDF83480C4F3410788F8007015
:1084400090F90170B7F1FF3F07F07F0A06DD0125C3
:10845000BAF1020F4FF0FF0621D233E090F902602B
:1084600006F07F05B6F1FF3F4AEAC51A06DD022590
:10847000BAF1020F4FF0FF0611D223E090F903602A
:1084800006F07F054AEA853A6FF00105B6F1FF3F35
:10849000C8BF0325BAF1020F4FF0FF0612D314F044
:1084A00001070FD10544B5F80100022700BA07EB18
:1084B0001049060CCA45168008D2FF26F0B203B058
:1084C000BDE8F08FF0B203B0BDE8F08F029105F186
:1084D000030B4EF2B471C0F60001584601931746E3
:1084E000F7F744FE20B10F26F0B203B0BDE8F08FDD
:1084F00098F80000DDF83080411E02293CD2681C4B
:1085000010F809103044C0780E9A40EA012010801B
:108510003E880120711CF7F77CFE02990028086054
:10852000CBD059463246F7F7FDFDAAEB06000438DA
:1085300084B2A8F80000611C0120F7F76AFE0199D7
:108540000860D8B33988224629440531F7F7EAFD97
:1085500002982B21F7F71CFE0028AED102982321A8
:10856000F7F716FE0646002818BF4FF0FF36F0B2A8
:1085700003B0BDE8F08F00BF00289ED120079CD437
:10858000711C0120F7F745FE02990028086094D07D
:1085900059463246F7F7C6FDAAEB0600023886B206
:1085A000A8F80000711C0120F7F733FE019908605C
:1085B00020B1398832465944C8E700BF02980068A4
:1085C00005F018FCFF26F0B203B0BDE8F08F000004
:1085D0004178022906D1817821B9C0780A2804BFE0
:1085E00000207047012070470278FF21102A50D3E5
:1085F00013090F2B4DD0032B19464AD180B590F9A2
:108600000110B1F1FF3F01F07F0307DD4FF0010CD6
:10861000D1074FF0FF0122D039E000BF90F90210DE
:1086200001F07F0CB1F1FF3F43EACC1306DD4FF0C0
:10863000020CD1074FF0FF0111D028E090F903E0C0
:108640006FF0010C0EF07F0143EA8133BEF1FF3F72
:10865000C8BF4FF0030CD1074FF0FF0117D1022B19
:1086600015D36044B0F80110022209BA02EB11419F
:108670008B4201D2FF210AE04EF2B4710330C0F602
:108680000001F7F773FD0F21002808BF0321BDE8A3
:108690008040084670470000817869B9C178142984
:1086A0000AD1007903283CBF0020704780280CBF06
:1086B00001200220704700BFFF207047F0B585B051
:1086C000002541F21800CDE90355CDE90155C4F26A
:1086D0000200016840F6004441F020010160016899
:1086E000C4F2010401F02001009100990168002208
:1086F00041F00401016001684FF44C7601F004017F
:1087000000910099016841F008010160016801F0E1
:10871000080100910099016841F0100101600068B2
:108720004FF44C7100F01000009000982046FBF7C9
:10873000CBF84FF47040CDE90105039501AD20461B
:108740002946FAF7ABFF0196012602272046294663
:10875000CDE902660497FAF7A1FF4FF40050CDE986
:10876000010604F580602946CDE90367FAF796FF14
:1087700005B0F0BD80B540F6340045F20041C2F2CC
:108780000000C4F2000141F6802200234FF4804C27
:10879000C0F2060280E80E00C0E9033CC0E90533E0
:1087A000C0E90733FBF79CF8002808BF80BDBDE88F
:1087B0008040F9F701BC000080B540F6880042F621
:1087C0000001C2F20000C4F200014FF0FF324FF48A
:1087D000807380E80E00FCF785F8002808BF80BD94
:1087E000BDE88040F9F7E8BB80B540F69C0043F255
:1087F0000001C2F20000C4F201014FF482720023B2
:1088000080E80E0000F114014FF4007C4FF0180EC8
:1088100081E808500A21C0E90333C0E90833C0E900
:108820000A31FCF7FBF8002808BF80BDBDE8804096
:10883000F9F7C2BB80B586B040F6F40040F20042C2
:108840000021C2F20000C4F2000241F61F4340F2D0
:10885000E73C0591CDE90311CDE90011C0E9002302
:10886000C0E9021C01618161FCF72CFD002818BFE2
:10887000F9F7A2FB4FF48050029040F6F400C2F2E8
:10888000000002A9FCF7BEFD002818BFF9F794FB11
:1088900040F6F400C2F200006946FCF7D3FC002861
:1088A00018BFF9F789FB06B080BD000080B540F61F
:1088B0003C1043F60001C2F20000C4F201010023A3
:1088C0004FF00C0C4FF4614280E80E00C0E9033316
:1088D000C0E905C3C361FDF78BFA002818BFF9F79B
:1088E0006BFBBDE88040F7F747BF000080B540F65E
:1088F000841044F20041C2F20000C4F200010023DF
:108900004FF00C0C4FF4E13280E80E00C0E9033365
:10891000C0E905C3C361FDF76BFA002808BF80BD3D
:10892000BDE88040F9F748BB80B540F6CC1044F66E
:108930000001C2F20000C4F2000100234FF00C0C51
:108940004FF4E13280E80E00C0E90333C0E905C30B
:10895000C361FDF74DFA002808BF80BDBDE8804027
:10896000F9F72ABBB0B58AB0F8F76EFC00F028FB27
:1089700040F22400C2F20000827903790478417841
:108980008578C0780291CDE9000504AD1FA1284685
:10899000039404F0A1FD002000212A46012300F0E9
:1089A000D5FD22A200201021012300F0CFFD40F2CE
:1089B0004210C2F2000000781EA120A2002808BFC9
:1089C0000A4630201021012300F0C0FD1DA2002026
:1089D0002021012300F0BAFD1EA20020282101233E
:1089E00000F0B4FD40F24110C2F2000000781DA179
:1089F00020A2002808BF0A4600203821012300F0E9
:108A0000A5FD00F0CFFD0AB0B0BD00BF323025306B
:108A100032642D253032642D2530326420253032E9
:108A2000643A253032643A2530326400446F6F7204
:108A30003A000000436C6F73650000004F70656E74
:108A400020000000506C6163652066696E67657286
:108A5000000000006F722052464944206361726436
:108A6000000000004C6F6E672070726573732023E6
:108A70000000000041646D696E204D6F6465000068
:108A8000FEE70000F0B581B000F09AFA40F2281538
:108A9000C2F2000568680021026800200123002658
:108AA00000F054FD4EF63C22C0F6000200200821E2
:108AB000012300F04BFD6868017A052905D3427A4D
:108AC000042A26BF033AD6B200268E4270D2407ADC
:108AD0002022B0424FF000004FF010014FF002038F
:108AE0004FF0200408BF3E2200F004FC686806EB4B
:108AF00046014068012350F821201020102100F089
:108B000025FD6868771C017A8F4251D2407AF9B20C
:108B1000884208BF3E24002018212246022300F08C
:108B2000E9FB686807EB47014068012350F8212002
:108B30001020182100F00AFD6868B71C017A8F42E6
:108B400036D2407AF9B288424FF020024FF000004E
:108B50004FF020014FF002034FF0200408BF3E22E7
:108B600000F0C8FB686807EB47014068012350F834
:108B700021201020202100F0E9FC68680336017AEA
:108B80008E4215D2407AF1B2884208BF3E240020BE
:108B900028212246022300F0ADFB686806EB46015F
:108BA0004068012350F821201020282100F0CEFC3D
:108BB00001B0BDE8F04000F0F5BC00002DE9F04147
:108BC00040F2281840F2E800C2F20008C2F20000A9
:108BD000C8F80400FFF756FFD8F8040001684EF605
:108BE000D410C0F6000004F04DFCD8F80400017A5F
:108BF000E9B14EF6EE174EF6E31500216FF00B06C5
:108C0000C0F60007C0F60005437A40684C1C3044AB
:108C1000C26899422846214608BF384604F032FC13
:108C2000D8F804000C36017A8C422146ECD34EF67B
:108C3000F910C0F60000BDE8F04105F039B90000B8
:108C400040F22810C2F20000C07870472DE9F041D0
:108C50000138032800F24281DFE800F002BC3E80C8
:108C600040F22818C2F20008D8F80400417A00291E
:108C700008BF017A01394172FFF704FFD8F80400F8
:108C800001684EF6D410C0F6000004F0FBFBD8F8E3
:108C90000400017A002900F012814EF6EE174EF61C
:108CA000E31500216FF00B06C0F60007C0F60005C3
:108CB000437A40684C1C3044C26899422846214699
:108CC00008BF384604F0DEFBD8F804000C36017A01
:108CD0008C422146ECD3F2E040F22818C2F20008A0
:108CE000D8F80400417A406801EB410100EB8100B3
:108CF0004168002900F0AC808847FFF7C3FED8F830
:108D0000040001684EF6D410C0F6000004F0BAFB6F
:108D1000D8F80400017A002900F0D1804EF6EE1751
:108D20004EF6E31500216FF00B06C0F60007C0F603
:108D3000000500BF437A40684C1C3044C268994229
:108D40002846214608BF384604F09CFBD8F80400AA
:108D50000C36017A8C422146ECD3B0E040F2281860
:108D6000C2F20008D8F80400C168002900F0B08001
:108D7000C8F80410FFF786FED8F8040001684EF624
:108D8000D410C0F6000004F07DFBD8F80400017A8E
:108D9000002900F094804EF6EE174EF6E315002100
:108DA0006FF00B06C0F60007C0F60005437A406876
:108DB0004C1C3044C26899422846214608BF3846B8
:108DC00004F060FBD8F804000C36017A8C4221468E
:108DD000ECD374E040F22818C2F20008D8F804007E
:108DE0000023017A427A01399142C8BF531C437271
:108DF000FFF748FED8F8040001684EF6D410C0F61C
:108E0000000004F03FFBD8F80400017A002956D096
:108E10004EF6EE174EF6E31500216FF00B06C0F686
:108E20000007C0F6000500BF437A40684C1C304480
:108E3000C26899422846214608BF384604F022FB02
:108E4000D8F804000C36017A8C422146ECD336E087
:108E50008068002808BFBDE8F0810021C8F8040040
:108E60004172FFF70FFED8F8040001684EF6D410E7
:108E7000C0F6000004F006FBD8F80400017AF1B156
:108E80004EF6EE174EF6E31500216FF00B06C0F616
:108E90000007C0F6000500BF437A40684C1C304410
:108EA000C26899422846214608BF384604F0EAFACB
:108EB000D8F804000C36017A8C422146ECD34EF6E9
:108EC000F910C0F60000BDE8F04104F0F1BF00BFAA
:108ED00040F2E801C2F20001884201D0BDE8F08111
:108EE00040F24110C2F200000021017040F2401037
:108EF000C2F20000017000F063F8BDE8F041FFF736
:108F000031BD00002DE9F04140F22818C2F20008FE
:108F100098F80300012843D108F1080003F01AFC77
:108F2000002808BFBDE8F081002088F80300FFF7A3
:108F3000A9FDD8F8040001684EF6D410C0F6000070
:108F400004F0A0FAD8F80400017AF1B14EF6EE1759
:108F50004EF6E31500216FF00B06C0F60007C0F6D1
:108F6000000500BF437A40684C1C3044C2689942F7
:108F70002846214608BF384604F084FAD8F8040091
:108F80000C36017A8C422146ECD34EF6F910C0F62D
:108F9000000004F08DFF03A0BDE8F04104F088BF9D
:108FA000BDE8F0814D656E752074696D656F7574EF
:108FB0002C20726573756D65640D0000FEE700007E
:108FC00080B540F23440C2F200004FF48061F7F700
:108FD000C2F880BD2DE9F04784B064206425FAF71B
:108FE00049FB40F63404AE20C2F200048DF80F00B5
:108FF00001260DF10F072046782100220123CDE93B
:10900000007602954FF00009FAF7C2FE4FF02008F3
:1090100020467821002201238DF80F80CDE90076CB
:109020000295FAF7B5FE4FF0100A2046782100228B
:1090300001238DF80FA0CDE900760295FAF7A8FE7E
:10904000B0208DF80F002046782100220123CDE9C1
:1090500000760295FAF79CFEC8208DF80F00204696
:10906000782100220123CDE900760295FAF790FEDF
:1090700020467821002201238DF80F90CDE900765B
:109080000295FAF785FE20467821002201238DF80B
:109090000FA0CDE900760295FAF77AFE40208DF810
:1090A0000F002046782100220123CDE900760295A9
:1090B000FAF76EFE81208DF80F00204678210022FD
:1090C0000123CDE900760295FAF762FEFF208DF8C4
:1090D0000F002046782100220123CDE90076029579
:1090E000FAF756FEA1208DF80F00204678210022C5
:1090F0000123CDE900760295FAF74AFEA6208DF805
:109100000F002046782100220123CDE90076029548
:10911000FAF73EFEA8208DF80F00204678210022A5
:109120000123CDE900760295FAF732FE3F208DF853
:109130000F002046782100220123CDE90076029518
:10914000FAF726FEA4208DF80F0020467821002291
:109150000123CDE900760295FAF71AFED3208DF8A7
:109160000F002046782100220123CDE900760295E8
:10917000FAF70EFE20467821002201238DF80F9089
:10918000CDE900760295FAF703FED5208DF80F00A1
:109190002046782100220123CDE900760295FAF7D6
:1091A000F7FDF0208DF80F002046782100220123E2
:1091B000CDE900760295FAF7EBFDD9208DF80F0086
:1091C0002046782100220123CDE900760295FAF7A6
:1091D000DFFD22208DF80F00204678210022012398
:1091E000CDE900760295FAF7D3FDDA208DF80F006D
:1091F0002046782100220123CDE900760295FAF776
:10920000C7FD12208DF80F0020467821002201238F
:10921000CDE900760295FAF7BBFDDB208DF80F0053
:109220002046782100220123CDE900760295FAF745
:10923000AFFD20467821002201238DF80F80CDE973
:1092400000760295FAF7A4FD4FF08D0820467821AC
:10925000002201238DF80F80CDE900760295FAF700
:1092600097FD4FF0140920467821002201238DF844
:109270000F90CDE900760295FAF78AFD4FF0AF0A1C
:1092800020467821002201238DF80FA0CDE9007639
:109290000295FAF77DFD40F23440C2F200004FF42F
:1092A0008061F6F758FF20467821002201238DF8CF
:1092B0000F80CDE900760295FAF76AFD2046782105
:1092C000002201238DF80F90CDE900760295FAF780
:1092D0005FFD20467821002201238DF80FA0CDE903
:1092E00000760295FAF754FD00F05CF904B0BDE891
:1092F000F08700002DE9F04F84B0203A471CD2B22D
:10930000102B4FFA87F940F099804EF22413C0F6E3
:10931000000303EB02120092821C52B20392C21CA1
:1093200052B20292021D52B20192421D4FFA82FEC7
:10933000821D4FFA82F8C21D40F234444FFA82FB7C
:109340000023C2F200044FF4786703E00133102BCE
:1093500000F0F880CA18D5B23F2DF7D8009E16F855
:1093600003C002F007064FFA8CF5B5F1FF3F4FF04E
:10937000010507EA021205FA06FA08DC45B2002DDB
:1093800005D442EA0005665D46EA0A0666555FEACC
:109390004C6508D5B9F1000F05D442EA0905665DB0
:1093A00046EA0A0666555FEA8C6508D5039D002DDE
:1093B00005D4039D1543665D46EA0A0666555FEAD5
:1093C000CC6508D5029D002D05D4029D1543665D30
:1093D00046EA0A0666555FEA0C7508D5019D002D20
:1093E00005D4019D1543665D46EA0A0666555FEAA7
:1093F0004C7508D5BEF1000F05D442EA0E05665D36
:1094000046EA0A0666555FEA8C7508D5B8F1000F82
:1094100005D442EA0805665D46EA0A0666555FEA33
:10942000CC7693D0BBF1000F3FF590AF42EA0B0230
:10943000A65C46EA0A06A65488E700BF4DF6FC6320
:1094400002EB4202C0F6000303EB4203821C52B25D
:109450000392C21C52B20292021D52B20192421DEC
:1094600040F2344A4FFA82F80022C2F2000A02E0C7
:109470000132082A66D08D18EEB23F2EF8D8CB46BE
:10948000012493F8009004FA02FE05F0070C4FF453
:10949000786606EA05161EEA090F04FA0CF509D0EB
:1094A00044B2002C06D446EA00041AF804702F4394
:1094B0000AF804705F78D9461EEA070F09D0B9F19F
:1094C000000F06D446EA09071AF807402C430AF8A9
:1094D00007409F781EEA070F09D0039F002F06D48C
:1094E000039F37431AF807402C430AF80740DF78F8
:1094F0001EEA070F09D0029F002F06D4029F3743B0
:109500001AF807402C430AF807401F791EEA070F94
:1095100009D0019F002F06D4019F37431AF8074056
:109520002C430AF807405F791EEA070FA0D0B8F174
:10953000000F9DD446EA08071AF807602E430AF880
:10954000076095E704B0BDE8F08F00002DE9F04713
:1095500008249146012B08BF062412784FF0100A08
:1095600008BF4FF0080A002A08BFBDE8F0879846F8
:109570000E460746002500BFF8B2F1B2D2B243460C
:10958000FFF7B8FE2744F8B2204401358028E8B23E
:1095900088BF564419F8002088BF0027002AEBD165
:1095A000BDE8F0872DE9F04F85B040F2344640F633
:1095B0003404C2F2000664270125C2F200040DF152
:1095C00012080DF113094FF0000A00BF4AF0B00075
:1095D0008DF8100004A8CDE900052046782100226E
:1095E00001230297FAF7D4FB00208DF811000DF14A
:1095F0001100CDE9000520467821002201230297C1
:10960000FAF7C6FB10208DF81200204678210022C0
:109610000123CDE900850297FAF7BAFB4FF0FF3B33
:1096200006EB0B00407878218DF81300204640228D
:109630000123CDE900950297FAF7AAFB0BF1010B84
:10964000BBF17F0FECD10AF1010ABAF1080F06F164
:109650008006BBD105B0BDE8F08F000080B584B0B6
:109660000020CDE90200CDE900006846FEF788FA47
:1096700050B90098BDF80410F8F71EFC03A004F0E0
:1096800017FC6846FEF7B6F804B080BD50696E67F7
:109690002073656E740D000010B59AB000204EF670
:1096A000033C4EF6C20302ACCDE91800CDE916002A
:1096B000C0F6000C14A2C0F6000320465021CDF8DD
:1096C00000C003F0EFFE019416AC01AA14200021A3
:1096D00001230094FEF794FD40B14EF2F670C0F6FF
:1096E000000004F0E5FB1AB010BD00BF1698BDF8ED
:1096F0005C10F8F7E1FB0CA002A903F0C3FE16A86A
:10970000FEF778F81AB010BD247379732F25732FE4
:1097100025732F7468696E672F70726F706572742D
:10972000792F736574000000537562736372696208
:109730006520746F7069633A2025730D0A0000007C
:10974000F0B59BB04EF6E0044EF64005C0F60004BE
:10975000C0F60005002741A021462A46CDE9197729
:10976000CDE9177703F08EFE07AE46A230464021C2
:109770002346009503F096FE4EF6CD01C0F600019B
:109780003046F8F759FB90B14EF6CD0544A4C0F62B
:10979000000507AE4FF47A70F9F76CFF204604F02D
:1097A00087FB30462946F8F747FB0028F2D142A054
:1097B00004F07EFB0120CDE900074EF6C2004EF614
:1097C00045014EF6033217AEC0F60000C0F60001A8
:1097D000C0F600024FF48073CDE902770497059636
:1097E000FEF716F830B138A004F062FB01201BB080
:1097F000F0BD00BF1798BDF86010F8F75DFB4FF49F
:109800009670F8F79DF988B10446FEF7EDFE022840
:109810000CD12046FEF7FEFDA0B101464EF2BA7013
:10982000C0F6000003F02EFE06E000BF4EF6080072
:10983000C0F6000004F03CFB17A8FDF7DBFF012099
:109840001BB0F0BD4EF2CD70C0F6000004F030FB4E
:1098500017A8FDF7CFFF00201BB0F0BD436F6E6E61
:10986000656374696E6720746F204D515454206293
:10987000726F6B65722025733A25732E2E2E0D0A9A
:109880000000000041542B43495053544152543D71
:1098900022544350222C222573222C25730D0A00BA
:1098A00054435020636F6E6E6563742072657472EA
:1098B000792E2E2E0D00000054435020636F6E6EE3
:1098C00065637465642E0D004D5154545F5061639F
:1098D0006B6574436F6E6E656374206661696C6559
:1098E000640D00002DE9F04FCBB004460020CDE917
:1098F0001100ADF84200ADF840008DF83F00ADF822
:109900003C002046FEF770FE03380A2800F25A8118
:10991000DFE810F00C0054015801580158015801BB
:1099200042015801580158015E0100BF0DF13F008E
:1099300010A90FAFCDE9001011A90DF1420212AB31
:1099400020460297FEF772FD002840F03B81DDE9DA
:1099500011120FF29C6003F095FD119C0FF2B061A3
:109960002046F6F703FC002800F0E382129C00205A
:109970004690CDE94400CDE942000FF2A8612046AF
:10998000F6F7F4FB002800F02F8242AB03F10A0542
:109990000E9503F10B050D9503F10D05059503F1EA
:1099A0000E0503F10C02069503F10F050C9203F16D
:1099B0001002079503F1110503F1040A03F10801F0
:1099C0000A925F1C9E1C03F1030B03F1050803F1CF
:1099D000060E03F1070C03F10902089503F11205C5
:1099E000133305300DF5847909950B9303782C2BEF
:1099F00000F20781DFE813F0F5010501050105011B
:109A0000050105010501050105012E0005010501FE
:109A10000501050105010501050105010501050116
:109A20000501050105010501050105010501050106
:109A300005010501050105012E0005012E000501A6
:109A400005010501050105010501050105010501E6
:109A5000F50100BF43782C2B00F2CE80DFE813F035
:109A6000C101CC00CC00CC00CC00CC00CC00CC00A0
:109A7000CC002E00CC00CC00CC00CC00CC00CC0024
:109A8000CC00CC00CC00CC00CC00CC00CC00CC0076
:109A9000CC00CC00CC00CC00CC00CC00CC00CC0066
:109AA0002E00CC002E00CC00CC00CC00CC00CC0092
:109AB000CC00CC00CC00CC00C10100BF83782C2BA3
:109AC00000F29C80DFE813F08D019A009A009A0062
:109AD0009A009A009A009A009A002E009A009A0022
:109AE0009A009A009A009A009A009A009A009A00A6
:109AF0009A009A009A009A009A009A009A009A0096
:109B00009A009A009A009A002E009A002E009A005D
:109B10009A009A009A009A009A009A009A009A0075
:109B20008D0100BFC3782C2B00F26A80DFE813F0B0
:109B300059016800680068006800680068006800F3
:109B400068002E006800680068006800680068000F
:109B500068006800680068006800680068006800C5
:109B600068006800680068006800680068006800B5
:109B70002E0068002E006800680068006800680019
:109B80006800680068006800590100BF043003786D
:109B90002C2B7FF62FAF34E02046FEF77DFD00280A
:109BA0000EBF0FF23C404EF2F670C0F6000004F01B
:109BB0007FF9F7F7B5FF4BB0BDE8F08F2046FEF711
:109BC00007FD78B1F7F7ACFF4BB0BDE8F08F00BFF1
:109BD0000FF2DC3004F06CF9F7F7A2FF4BB0BDE8F0
:109BE000F08F00BF0FF2E03004F062F9F7F798FF52
:109BF0004BB0BDE8F08F00BF013002E0023000E062
:109C0000033045788DF80831002D00F0E980222DD1
:109C100000F0E6802C2DB94600F0E38083788DF8C3
:109C20000951002B00F09081222B00F08D812C2B0C
:109C3000B14600F0D680C5788DF80A31002D00F0CD
:109C40008581222D00F082812C2DD94600F0C9801B
:109C500003798DF80B51002B00F07A81222B00F054
:109C600077812C2BD14600F0BC8045798DF80C31E2
:109C7000002D00F06F81222D00F06C812C2DC1464B
:109C800000F0AF8083798DF80D51002B00F06481D6
:109C9000222B00F061812C2BF14600F0A280C779C5
:109CA0008DF80E31002F00F05981222F00F05681DF
:109CB0002C2FE14600F09580037A8DF80F71002B70
:109CC00000F04E81222B00F04B812C2B894600F0B6
:109CD0008880417A8DF81031002900F043812229D3
:109CE00000F040812C2991467BD0827A8DF81111A9
:109CF000002A00F03981222A00F03681DDF8389000
:109D00002C2A6ED0C17A8DF81221002900F0308102
:109D1000222900F02D81DDF834902C2961D0027BBE
:109D20008DF81311002A00F02781222A00F02481E7
:109D3000DDF830902C2A54D0417B8DF81421002975
:109D400000F01E81222900F01B81DDF814902C29DF
:109D500047D0827B8DF81511002A00F01581222A48
:109D600000F01281DDF818902C2A3AD0C17B8DF8D2
:109D70001621002900F00C81222900F00981DDF86C
:109D80001C902C292DD0027C8DF81711002A00F090
:109D90000381222A00F00081DDF828902C2A20D0AF
:109DA000417C8DF81821002900F0FA80222900F06A
:109DB000F780DDF820902C2913D0807C8DF81911C4
:109DC000002800F0F180222800F0EE80DDF82490D9
:109DD0002C281CBF8DF81A01DDF82C9001E000BF83
:109DE000B946002089F8000090A12046F6F7BEF998
:109DF000D0B1C41D01E000BF04342578202D01D06E
:109E0000092D1CD16578202D01D0092D14D1A578FC
:109E1000202D01D0092D11D1E578202DECD0092D70
:109E2000EAD003340BE000BF4EF2E070C0F6000051
:109E300004F03EF87CE000BF013400E002344EF64E
:109E4000DB01C0F6000120460422F6F7D3F9F8B191
:109E50004EF6D501C0F6000120460522F6F7CAF9F4
:109E600040B3222D0CD1013472A120460522F6F711
:109E7000C1F968B171A120460622F6F7BBF9C8B155
:109E80004EF61D00C0F6000004F012F850E000BFCE
:109E90004EF63100C0F6000004F00AF80027042056
:109EA0000021002200230097FDF744FBF8F7CAFFCA
:109EB00005E000BF63A003F0FBFFF8F789FF4EF653
:109EC00003374EF6F3024EF6C20333ACC0F600077A
:109ED000C0F60002C0F6000320463C21009703F0C4
:109EE000E1FA4EF6171213ADC0F6000242AB284657
:109EF000802103F0D7FA00262846CDE94966CDE94E
:109F00004766F6F74FF90346012047AF02900A2053
:109F100021462A46CDE900660397FDF799FE38B938
:109F20004798BDF82011F7F7C7FF47A8FDF762FC77
:109F3000119C204603F05EFF129803F05BFFF7F7D9
:109F4000EFFD4BB0BDE8F08FB1464AE7D94648E790
:109F5000D14646E7C14644E7F14642E7E14640E7DD
:109F600089463EE791463CE7DDF8389039E700BF87
:109F7000DDF8349035E700BFDDF8309031E700BF01
:109F8000DDF814902DE700BFDDF8189029E700BF39
:109F9000DDF81C9025E700BFDDF8289021E700BF21
:109FA000DDF820901DE700BFDDF8249019E700BF21
:109FB00050696E6720726573706F6E73652072658D
:109FC0006365697665640D005075626C697368201D
:109FD00041434B2072656365697665640D0000003E
:109FE000537562736372696265204F4B0D00000008
:109FF0005265637620746F7069633A2025732C2054
:10A000007061796C6F61643A2025730D0A0000005D
:10A010002F7468696E672F70726F70657274792F14
:10A0200073657400226964223A00000022666C6144
:10A0300067223A00747275652200000066616C73D5
:10A040006522000052656D6F7465206C6F636B0D47
:10A050000000000070B5DCB040F24210C2F2000017
:10A0600000784EF6D5014EF6DB030026C0F600015F
:10A07000C0F600034EF63C1218ACCDE95A66CDE9A5
:10A080005866002808BF0B46C0F6000220464FF471
:10A09000807103F007FA2046F6F784F8C4B20CB3D7
:10A0A0004EF6033C4EF6C20304ADC0F6000C15A2FA
:10A0B000C0F6000328465021CDF800C003F0F2F9A5
:10A0C00001200DF5B07CCDE90006029018AA0A2007
:10A0D00029462346CDF80CC0FDF7BAFD20B111A0EA
:10A0E00003F0E6FE5CB070BD5898BDF86411F7F758
:10A0F000E3FE12A018A903F0C5F958A8FDF77AFBF2
:10A100005CB070BD247379732F25732F25732F7462
:10A1100068696E672F70726F70657274792F706FD7
:10A12000737400005061636B6574207075626C69B4
:10A130007368206661696C65640D000053656E6428
:10A1400020646174613A2025730D0A002DE9F04105
:10A1500082B040F63C140646EF20C2F200040D46E1
:10A160008DF807000DF10701204601224FF0FF3363
:10A170004FF00108FBF7A4FF0DF107012046012273
:10A180004FF0FF338DF80780FBF79AFF40F21C0772
:10A19000C2F20007F8780DF107018DF8070020469C
:10A1A00001224FF0FF33FBF78BFF78880DF1070199
:10A1B0008DF80700204601224FF0FF33FBF780FFA8
:10A1C00038680DF10701000A8DF8070020460122CA
:10A1D0004FF0FF33FBF774FF38680DF107018DF87E
:10A1E0000700204601224FF0FF33FBF769FF0DF116
:10A1F0000701204601224FF0FF338DF80780FBF75F
:10A200005FFF00270DF10701204601224FF0FF33C9
:10A210008DF80770FBF754FF07208DF807000DF14C
:10A220000701204601224FF0FF33FBF749FF0C20C6
:10A230008DF807000DF10701204601224FF0FF3392
:10A24000FBF73EFF300A8DF807000DF107012046AD
:10A2500001224FF0FF33FBF733FF0DF107012046DA
:10A2600001224FF0FF338DF80760FBF729FF280A22
:10A270008DF807000DF10701204601224FF0FF3352
:10A28000FBF71EFF0DF10701204601224FF0FF33BF
:10A290008DF80750FBF714FFF0B200EB162000EB2F
:10A2A0001520E9B2084400F11405280A8DF80700CA
:10A2B0000DF10701204601224FF0FF33FBF700FFAD
:10A2C0000DF10701204601224FF0FF338DF80750B2
:10A2D000FBF7F6FEF9F7FEFA40F23C15C2F2000574
:10A2E0006E8831B2002910D4044600BFF9F7F2FAA3
:10A2F000001BB0F5FA6F33D80120F9F7BBF9B5F9B7
:10A300000200B0F1FF3FF1DC86B240F2601440F68B
:10A310003C10C2F20004C2F200002146C8226FF3D2
:10A32000DF366F80FBF76AFE092E05D2FF20C0B230
:10A3300002B0BDE8F08100BF21786278A37981F096
:10A34000EF0182F00102114383F00702607A1143AA
:10A35000090618BF4FF0FF30C0B202B0BDE8F0816F
:10A3600000206880FF20C0B202B0BDE8F08100008C
:10A370000121FFF7EBBE0000F0B583B040F63C14BE
:10A38000EF20C2F200048DF8000069462046012249
:10A390004FF0FF330125FBF793FE0DF1010120463D
:10A3A00001224FF0FF338DF80150FBF789FE40F298
:10A3B0001C06C2F20006F0780DF102018DF80200D1
:10A3C000204601224FF0FF33FBF77AFE70880DF133
:10A3D00003018DF80300204601224FF0FF33FBF705
:10A3E0006FFE306801A9000A8DF8040020460122A2
:10A3F0004FF0FF33FBF764FE30680DF105018DF877
:10A400000500204601224FF0FF33FBF759FE0DF106
:10A410000601204601224FF0FF338DF80650FBF76E
:10A420004FFE00250DF10701204601224FF0FF33BA
:10A430008DF80750FBF744FE03208DF8080002A9B1
:10A44000204601224FF0FF33FBF73AFE0D208DF836
:10A4500009000DF10901204601224FF0FF33FBF7FF
:10A460002FFE0DF10A01204601224FF0FF338DF837
:10A470000A50FBF725FE11208DF80B000DF10B01A2
:10A48000204601224FF0FF33FBF71AFEF9F722FABC
:10A4900040F23C16C2F20006778839B2002910D487
:10A4A000044600BFF9F716FA001BB0F5FA6F31D871
:10A4B0000120F9F7DFF8B6F90200B0F1FF3FF1DC57
:10A4C00087B240F2601440F63C10C2F20004C2F2BF
:10A4D00000002146C8226FF3DF377580FBF78EFD41
:10A4E000092F03D2FF20C0B203B0F0BD21786278FB
:10A4F000A37981F0EF0182F00102114383F007029A
:10A50000607A1143090618BF4FF0FF30C0B203B0A4
:10A51000F0BD00BF00207080FF20C0B203B0F0BDCE
:10A52000F0B585B040F63C140546EF20C2F20004B9
:10A530008DF807000DF10701204601224FF0FF338F
:10A540000126FBF7BDFD02A9204601224FF0FF3393
:10A550008DF80860FBF7B4FD40F21C07C2F200075B
:10A56000F8780DF109018DF80900204601224FF01D
:10A57000FF33FBF7A5FD78880DF10A018DF80A007D
:10A58000204601224FF0FF33FBF79AFD38680DF1AA
:10A590000B01000A8DF80B00204601224FF0FF331B
:10A5A000FBF78EFD386803A98DF80C0020460122C8
:10A5B0004FF0FF33FBF784FD0DF10D012046012222
:10A5C0004FF0FF338DF80D60FBF77AFD00260DF19B
:10A5D0000E01204601224FF0FF338DF80E60FBF78D
:10A5E0006FFD04208DF80F000DF10F0120460122B0
:10A5F0004FF0FF33FBF764FD02208DF8100004A933
:10A60000204601224FF0FF33FBF75AFD0DF11101F7
:10A61000204601224FF0FF338DF81150FBF750FD1B
:10A620000735280A8DF812000DF11201204601228B
:10A630004FF0FF33FBF744FD0DF1130120460122DB
:10A640004FF0FF338DF81350FBF73AFDF9F742F95D
:10A6500040F23C15C2F200056F8839B2002910D4CF
:10A66000044600BFF9F736F9001BB0F5FA6F31D890
:10A670000120F8F7FFFFB5F90200B0F1FF3FF1DC70
:10A6800087B240F2601440F63C10C2F20004C2F2FD
:10A6900000002146C8226FF3DF376E80FBF7AEFC67
:10A6A000092F03D2FF20C0B205B0F0BD2178627837
:10A6B000A37981F0EF0182F00102114383F00702D8
:10A6C000607A1143090618BF4FF0FF30C0B205B0E1
:10A6D000F0BD00BF00206880FF20C0B205B0F0BD13
:10A6E000F0B583B040F63C14EF20C2F200048DF8C0
:10A6F00000006946204601224FF0FF330126FBF798
:10A70000DFFC0DF10101204601224FF0FF338DF8EF
:10A710000160FBF7D5FC40F21C05C2F20005E878A9
:10A720000DF102018DF80200204601224FF0FF33A7
:10A73000FBF7C6FC68880DF103018DF80300204685
:10A7400001224FF0FF33FBF7BBFC286801A9000A88
:10A750008DF80400204601224FF0FF33FBF7B0FCD8
:10A7600028680DF105018DF80500204601224FF003
:10A77000FF33FBF7A5FC0DF10601204601224FF047
:10A78000FF338DF80660FBF79BFC00250DF10701F8
:10A79000204601224FF0FF338DF80750FBF790FC65
:10A7A00003208DF8080002A9204601224FF0FF3354
:10A7B000FBF786FC0DF10901204601224FF0FF3323
:10A7C0008DF80960FBF77CFC0DF10A01204601229F
:10A7D0004FF0FF338DF80A50FBF772FC05208DF81F
:10A7E0000B000DF10B01204601224FF0FF33FBF768
:10A7F00067FCF9F76FF840F23C16C2F20006778862
:10A8000039B200290FD40446F9F764F8001BB0F5FB
:10A81000FA6F31D80120F8F72DFFB6F90200B0F138
:10A82000FF3FF1DC87B240F2601440F63C10C2F208
:10A830000004C2F200002146C8226FF3DF377580A2
:10A84000FBF7DCFB092F03D2FF20C0B203B0F0BD41
:10A8500021786278A37981F0EF0182F0010211433F
:10A8600083F00702607A1143090618BF4FF0FF30EA
:10A87000C0B203B0F0BD00BF00207080FF20C0B2A6
:10A8800003B0F0BDB0B50446F9F724F80546F9F772
:10A8900021F8401BA0420AD2FFF722FF50B132201C
:10A8A000F8F7E8FEF9F716F8401BA042F4D3FF20B2
:10A8B000B0BD00BF0020B0BD2DE9F04F85B040F223
:10A8C0003C1740F2601540F63C1640F21C0B4FF06E
:10A8D0000208C2F200074FF00009C2F20005C2F2FE
:10A8E00000064FF0010AC2F2000B01900BE000BF1E
:10A8F000A7F802906420F8F7BDFE5FEA0860A8F1AF
:10A90000010800F0A7802846C821A7F80290F5F7B3
:10A9100022FC3046FAF7FAFE30462946C822FBF7F9
:10A920006DFBEF208DF80B0030460DF10B0101227D
:10A930004FF0FF33FBF7C4FB304603A901224FF071
:10A94000FF338DF80CA0FBF7BBFB9BF803000DF168
:10A950000D018DF80D00304601224FF0FF33FBF75B
:10A96000AFFBBBF802000DF10E018DF80E00304672
:10A9700001224FF0FF33FBF7A3FBDBF800000DF1E2
:10A980000F01000A8DF80F00304601224FF0FF330F
:10A99000FBF796FBDBF8000004A98DF810003046A9
:10A9A00001224FF0FF33FBF78BFB30460DF1110115
:10A9B00001224FF0FF338DF811A0FBF781FB3046E9
:10A9C0000DF1120101224FF0FF338DF81290FBF7C9
:10A9D00077FB30460DF1130101224FF0FF338DF864
:10A9E0001390FBF76DFBF8F775FF0446F8F772FF5D
:10A9F000001B80087C283FF67DAF00BFB7F902003E
:10AA0000B0F1FF3F0ADD0A20F8F734FEF8F762FFE5
:10AA1000001BB0F5FA7FF1D36CE700BF80B26FF393
:10AA2000DF300928FFF464AF2878EF287FF460AFA7
:10AA3000687801287FF45CAFA87907287FF458AFC5
:10AA4000D5F80200019900BA08600020788005B0AE
:10AA5000BDE8F08F012005B0BDE8F08F2DE9F0478B
:10AA600082B040F63C158246EF20C2F200059846BF
:10AA700016460F468DF807000DF107012846012202
:10AA80004FF0FF334FF00109FBF71AFB0DF10701FF
:10AA9000284601224FF0FF338DF80790FBF710FB9B
:10AAA00040F21C04C2F20004E0780DF107018DF8B9
:10AAB0000700284601224FF0FF33FBF701FB6088B7
:10AAC0000DF107018DF80700284601224FF0FF33F2
:10AAD000FBF7F6FA20680DF10701000A8DF8070070
:10AAE000284601224FF0FF33FBF7EAFA20680DF108
:10AAF00007018DF80700284601224FF0FF33FBF7CE
:10AB0000DFFA0DF10701284601224FF0FF338DF8DF
:10AB10000790FBF7D5FA4FF000090DF10701284621
:10AB200001224FF0FF338DF80790FBF7C9FA082098
:10AB30008DF807000DF10701284601224FF0FF3381
:10AB4000FBF7BEFA1B208DF807000DF10701284620
:10AB500001224FF0FF33FBF7B3FA0DF1070128464E
:10AB600001224FF0FF338DF807A0FBF7A9FA380A4E
:10AB70008DF807000DF10701284601224FF0FF3341
:10AB8000FBF79EFA0DF10701284601224FF0FF3333
:10AB90008DF80770FBF794FA300A8DF807000DF175
:10ABA0000701284601224FF0FF33FBF789FA0DF128
:10ABB0000701284601224FF0FF338DF80760FBF7AD
:10ABC0007FFA0AEB1720F9B2084400EB1620F1B225
:10ABD000084400F12404200A8DF807000DF1070154
:10ABE000284601224FF0FF33FBF76AFA0DF1070107
:10ABF000284601224FF0FF338DF80740FBF760FA3B
:10AC0000F8F768FE40F23C15C2F200056E8831B2DA
:10AC1000002910D4044600BFF8F75CFE001BB0F515
:10AC2000FA6F33D80120F8F725FDB5F90200B0F12D
:10AC3000FF3FF1DC86B240F2601440F63C10C2F2F5
:10AC40000004C2F200002146C8226FF3DF36A5F8E7
:10AC50000290FBF7D3F9092E1AD32078EF284FF092
:10AC6000FF0010D1617801290DD1A17907290AD1FE
:10AC7000608900BA000CA8F80000A08900BA000C96
:10AC8000A8F80200607A02B0BDE8F0870020688072
:10AC9000FF2002B0BDE8F087F0B583B040F63C1469
:10ACA000EF20C2F200048DF8000069462046012220
:10ACB0004FF0FF330125FBF703FA0DF101012046A8
:10ACC00001224FF0FF338DF80150FBF7F9F940F204
:10ACD0001C06C2F20006F0780DF102018DF80200A8
:10ACE000204601224FF0FF33FBF7EAF970880DF19F
:10ACF00003018DF80300204601224FF0FF33FBF7DC
:10AD0000DFF9306801A9000A8DF80400204601220D
:10AD10004FF0FF33FBF7D4F930680DF105018DF8E2
:10AD20000500204601224FF0FF33FBF7C9F90DF172
:10AD30000601204601224FF0FF338DF80650FBF745
:10AD4000BFF900250DF10701204601224FF0FF3326
:10AD50008DF80750FBF7B4F9032602A9204601221B
:10AD60004FF0FF338DF80860FBF7AAF90DF10901E8
:10AD7000204601224FF0FF338DF80960FBF7A0F960
:10AD80000DF10A01204601224FF0FF338DF80A50E1
:10AD9000FBF796F907208DF80B000DF10B0120460B
:10ADA00001224FF0FF33FBF78BF9F8F793FD40F2E8
:10ADB0003C16C2F20006778839B200290FD4044647
:10ADC000F8F788FD001BB0F5FA6F31D80120F8F7CD
:10ADD00051FCB6F90200B0F1FF3FF1DC87B240F25E
:10ADE000601440F63C10C2F20004C2F2000021469A
:10ADF000C8226FF3DF377580FBF700F9092F03D204
:10AE0000FF20C0B203B0F0BD21786278A37981F051
:10AE1000EF0182F00102114383F00702607A1143CF
:10AE2000090618BF4FF0FF30C0B203B0F0BD00BF3D
:10AE300000207080FF20C0B203B0F0BD2DE9F041CA
:10AE400084B040F63C150646EF20C2F20005884665
:10AE50008DF803000DF10301284601224FF0FF3366
:10AE60000127FBF72DF901A9284601224FF0FF33F6
:10AE70008DF80470FBF724F940F21C04C2F20004C0
:10AE8000E0780DF105018DF80500284601224FF00C
:10AE9000FF33FBF715F960880DF106018DF8060008
:10AEA000284601224FF0FF33FBF70AF920680DF125
:10AEB0000701000A8DF80700284601224FF0FF33F2
:10AEC000FBF7FEF8206802A98DF808002846012249
:10AED0004FF0FF33FBF7F4F80DF10901284601228A
:10AEE0004FF0FF338DF80970FBF7EAF800270DF1FA
:10AEF0000A01284601224FF0FF338DF80A70FBF754
:10AF0000DFF804208DF80B000DF10B01284601221B
:10AF10004FF0FF33FBF7D4F819208DF80C0003A98C
:10AF2000284601224FF0FF33FBF7CAF80DF10D015F
:10AF3000284601224FF0FF338DF80D60FBF7C0F873
:10AF400006F11E04200A8DF80E000DF10E012846B0
:10AF500001224FF0FF33FBF7B3F80DF10F01284644
:10AF600001224FF0FF338DF80F40FBF7A9F8F8F7F7
:10AF7000B1FC40F23C16C2F20006748821B20029EE
:10AF80000FD40546F8F7A6FC401BB0F5FA6F31D890
:10AF90000120F8F76FFBB6F90200B0F1FF3FF1DCDA
:10AFA00084B240F2601540F63C10C2F20005C2F2D5
:10AFB00000002946C8226FF3DF347780FBF71EF8C4
:10AFC000092C19D32878EF284FF0FF000ED16978AB
:10AFD00001290BD1A979072908D1697A31B905F17D
:10AFE0000A0140462022F5F79DF8002004B0BDE894
:10AFF000F08100BF00207080FF2004B0BDE8F08128
:10B00000F0B583B040F63C14EF20C2F200048DF896
:10B0100000006946204601224FF0FF330125FBF76F
:10B020004FF80DF10101204601224FF0FF338DF85A
:10B030000150FBF745F840F21C06C2F20006F0781A
:10B040000DF102018DF80200204601224FF0FF337E
:10B05000FBF736F870880DF103018DF803002046E8
:10B0600001224FF0FF33FBF72BF8306801A9000AEB
:10B070008DF80400204601224FF0FF33FBF720F843
:10B0800030680DF105018DF80500204601224FF0D2
:10B09000FF33FBF715F80DF10601204601224FF0B2
:10B0A000FF338DF80650FBF70BF800250DF1070173
:10B0B000204601224FF0FF338DF80750FBF700F8D0
:10B0C00003208DF8080002A9204601224FF0FF332B
:10B0D000FAF7F6FF05208DF809000DF10901204669
:10B0E00001224FF0FF33FAF7EBFF0DF10A01204682
:10B0F00001224FF0FF338DF80A50FAF7E1FF0920E3
:10B100008DF80B000DF10B01204601224FF0FF33AB
:10B11000FAF7D6FFF8F7DEFB40F23C16C2F2000663
:10B12000778839B2002910D4044600BFF8F7D2FB63
:10B13000001BB0F5FA6F31D80120F8F79BFAB6F989
:10B140000200B0F1FF3FF1DC87B240F2601440F63C
:10B150003C10C2F20004C2F200002146C8226FF384
:10B16000DF377580FAF74AFF092F03D2FF20C0B2FC
:10B1700003B0F0BD21786278A37981F0EF0182F00D
:10B180000102114383F00702607A1143090618BFD8
:10B190004FF0FF30C0B203B0F0BD00BF00207080A0
:10B1A000FF20C0B203B0F0BD80B586B041F21800F8
:10B1B000C4F202000168022341F00101016001684C
:10B1C00001F00101029102990421C4F201010A680F
:10B1D00063F31A620A600021CDE90411CDE902117E
:10B1E000016841F001010160016801F00101019174
:10B1F0000199016841F004010160006802A900F0B2
:10B200000400019001984FF4004002900020C1F228
:10B210001100CDE9030340F60000C4F20100F8F785
:10B220003DFA282002210022F8F710FF2820F8F725
:10B23000FBFE06B080BD00002DE9F04184B040F671
:10B240003C140646EF20C2F200040D468DF80100C2
:10B250000DF10101204601224FF0FF334FF00108AC
:10B26000FAF72EFF0DF10201204601224FF0FF33C5
:10B270008DF80280FAF724FF40F21C07C2F20007A3
:10B28000F8780DF103018DF80300204601224FF0FC
:10B29000FF33FAF715FF788801A98DF804002046DE
:10B2A00001224FF0FF33FAF70BFF38680DF105016B
:10B2B000000A8DF80500204601224FF0FF33FAF70F
:10B2C000FFFE38680DF106018DF8060020460122C8
:10B2D0004FF0FF33FAF7F4FE0DF10701204601228B
:10B2E0004FF0FF338DF80780FAF7EAFE4FF00008C1
:10B2F00002A9204601224FF0FF338DF80880FAF7AB
:10B30000DFFE06270DF10901204601224FF0FF3331
:10B310008DF80970FAF7D4FE0DF10A0120460122DA
:10B320004FF0FF338DF80A70FAF7CAFE0DF10B01EA
:10B33000204601224FF0FF338DF80B60FAF7C0FE74
:10B34000280A8DF80C0003A9204601224FF0FF3394
:10B35000FAF7B6FE0DF10D01204601224FF0FF3342
:10B360008DF80D50FAF7ACFE06EB1520E9B2084453
:10B3700000F10D05280A8DF80E000DF10E01204692
:10B3800001224FF0FF33FAF79BFE0DF10F0120462B
:10B3900001224FF0FF338DF80F50FAF791FEF8F7C6
:10B3A00099FA40F23C15C2F200056E8831B20029CC
:10B3B0000FD40446F8F78EFA001BB0F5FA6F33D8B5
:10B3C0000120F8F757F9B5F90200B0F1FF3FF1DCC1
:10B3D00086B240F2601440F63C10C2F20004C2F2A1
:10B3E00000002146C8226FF3DF36A5F80280FAF785
:10B3F00005FE092E04D2FF20C0B204B0BDE8F081E2
:10B4000021786278A37981F0EF0182F00102114383
:10B4100083F00702607A1143090618BF4FF0FF302E
:10B42000C0B204B0BDE8F08100206880FF20C0B247
:10B4300004B0BDE8F081000080B582B001A8FFF73C
:10B440003BFA02B080BD00002DE9F04385B040F624
:10B450003C198046EF20C2F200090E468DF8060026
:10B460000DF10601484601224FF0FF330127FAF79C
:10B4700027FE0DF10701484601224FF0FF338DF8FA
:10B480000770FAF71DFE40F21C04C2F20004E078D7
:10B4900002A98DF80800484601224FF0FF33FAF761
:10B4A0000FFE60880DF109018DF809004846012260
:10B4B0004FF0FF33FAF704FE20680DF10A01000A8D
:10B4C0008DF80A00484601224FF0FF33FAF7F8FDE5
:10B4D00020680DF10B018DF80B00484601224FF05A
:10B4E000FF33FAF7EDFD03A9484601224FF0FF3381
:10B4F0008DF80C70FAF7E4FD00270DF10D014846B8
:10B5000001224FF0FF338DF80D70FAF7D9FD24209A
:10B510008DF80E000DF10E01484601224FF0FF3369
:10B52000FAF7CEFD18208DF80F000DF10F014846F7
:10B5300001224FF0FF33FAF7C3FD04A94846012268
:10B540004FF0FF338DF81080FAF7BAFD741E2025F6
:10B550000DF1130614F8010F31468DF8130048461B
:10B5600001224FF0FF33FAF7ABFD2078013D07448D
:10B57000F0D108EB070000F13D0540F63C14280A25
:10B58000C2F200048DF811000DF1110120460122D4
:10B590004FF0FF33FAF794FD0DF11201204601221E
:10B5A0004FF0FF338DF81250FAF78AFDF8F792F951
:10B5B00040F23C15C2F200056E8831B2002910D469
:10B5C000044600BFF8F786F9001BB0F5FA6F33D8D0
:10B5D0000120F8F74FF8B5F90200B0F1FF3FF1DCB8
:10B5E00086B2002040F26014688040F63C10C2F23F
:10B5F0000004C2F200002146C8226FF3DF36FAF7DA
:10B60000FDFC092E04D2FF20C0B205B0BDE8F083D6
:10B6100021786278A37981F0EF0182F00102114371
:10B6200083F00702607A1143090618BF4FF0FF301C
:10B63000C0B205B0BDE8F08300206880FF20C0B232
:10B6400005B0BDE8F08300002DE9F0478AB040F670
:10B6500000040546C4F2010490208DF810004FF05C
:10B6600000082046102100228DF80C801027F8F7E2
:10B670002BF940F69C06C2F2000604A930460122CE
:10B680004FF0FF33F9F75CFB03A9304601224FF07E
:10B69000FF33F9F755FA204610210122F8F714F983
:10B6A0009DF80C00102100F0F7008DF811002046E5
:10B6B00000228DF81070F8F707F904A9304602222D
:10B6C0004FF0FF33F9F73CFB204610210122F8F739
:10B6D000FBF81A20ADF81000204610210022F8F7E0
:10B6E000F3F804A9304602224FF0FF33F9F728FBA4
:10B6F000204610210122F8F7E7F84FF09C0A204677
:10B70000102100228DF810A08DF80C80F8F7DCF8DD
:10B7100004A9304601224FF0FF33F9F711FB03AFC4
:10B720003046394601224FF0FF33F9F709FA204637
:10B7300010210122F8F7C8F89DF80C004FF01C0901
:10B7400000F07F008DF811002046102100228DF8B6
:10B750001090F8F7B9F804A9304602224FF0FF33F1
:10B76000F9F7EEFA204610210122F8F7ADF842F27F
:10B77000930004A9ADF810000C2002220B4600979C
:10B7800000F0A2F8039A064632A0314601F07AFE94
:10B7900006BB04989DF810109DF811209DF81230FA
:10B7A00028609DF8137082EA010058409DF81450FB
:10B7B00087EA00062FA0CDE9007501F063FEAE42D6
:10B7C00002D1002606E000BF35A031462A4601F02E
:10B7D00059FE02262046102100228DF826A08DF861
:10B7E0002580F8F771F840F69C05C2F200050DF1CE
:10B7F0002601284601224FF0FF33F9F7A1FA0DF197
:10B800002501284601224FF0FF33F9F799F9204628
:10B8100010210122F8F758F89DF82500102140F07A
:10B8200080008DF82700204600228DF82690F8F73A
:10B830004BF80DF12601284602224FF0FF33F9F7AD
:10B840007FFA204610210122F8F73EF830460AB070
:10B85000BDE8F087416E7469636F6C6C207374612E
:10B860007475733D25642C206C656E3D256C750DDB
:10B870000A000000526177205549443A20253032B1
:10B880005820253032582025303258202530325863
:10B8900020204243433A20253032580D0A00000050
:10B8A00042434320636865636B206661696C2120B5
:10B8B00063616C633D253032582C20726563763DA0
:10B8C000253032580D0A00002DE9F04F85B017469B
:10B8D00082460C288946009306D0BAF10E0F07D194
:10B8E00011200390122006E031200390772002E01F
:10B8F00001200390002040F6000BC4F2010B0190E0
:10B90000803004218DF812108DF813005846102154
:10B9100000220026F7F7D8FF40F69C05C2F200058A
:10B920000DF11201284602224FF0FF334FF00208BA
:10B93000F9F706FA584610210122F7F7C5FF8820CB
:10B940008DF812005846102100228DF81160F7F78B
:10B95000BBFF0DF11201284601224FF0FF33F9F72A
:10B96000EFF90DF11101284601224FF0FF33F9F7ED
:10B97000E7F8584610210122F7F7A6FF9DF81100BD
:10B98000082100F07F008DF812108DF81300584642
:10B9900010210022F7F798FF0DF11201284602222C
:10B9A0004FF0FF33F9F7CCF9584610210122F7F791
:10B9B0008BFF584610210022ADF81280F7F784FF64
:10B9C0000DF11201284602224FF0FF33F9F7B8F9C2
:10B9D000584610210122F7F777FF94208DF81200C6
:10B9E0005846102100228DF81160F7F76DFF0DF118
:10B9F0001201284601224FF0FF33F9F7A1F90DF1AA
:10BA00001101284601224FF0FF33F9F799F8584603
:10BA100010210122F7F758FF9DF81100142140F082
:10BA200080008DF812108DF8130058461021002266
:10BA3000F7F74AFF0DF11201284602224FF0FF33BB
:10BA4000F9F77EF9584610210122F7F73DFF17B3A9
:10BA500040F69C05A9F101044FF01209C2F200055D
:10BA60000DF1120614F8010F10218DF8130058463D
:10BA700000228DF81290F7F727FF28463146022260
:10BA80004FF0FF33F9F75CF9584610210122F7F720
:10BA90001BFF013FE6D15846102100228DF812808D
:10BAA0008DF813A04FF00009F7F70EFF40F69C0049
:10BAB000C2F200000DF1120102224FF0FF33F9F73C
:10BAC0003FF9584610210122F7F7FEFEBAF10C0F9C
:10BAD000CDF808A03DD19A208DF8120058461021CB
:10BAE00000228DF81190F7F7EFFE40F69C05C2F2A8
:10BAF00000050DF11201284601224FF0FF33F9F73E
:10BB00001FF90DF11101284601224FF0FF33F9F71B
:10BB100017F8584610210122F7F7D6FE9DF81100BC
:10BB20001A2140F080008DF812108DF8130058464D
:10BB300010210022F7F7C8FE0DF11201284602225B
:10BB40004FF0FF33F9F7FCF8584610210122F7F7C0
:10BB5000BBFE4FF6184A40F69C05CFF6FF7A4FF031
:10BB60008808C2F200050DF112070DF1110600BFA1
:10BB70005846102100228DF812808DF81190F7F7A9
:10BB8000A3FE2846394601224FF0FF33F9F7D8F8D3
:10BB90002846314601224FF0FF33F8F7D1FF5846CF
:10BBA00010210122F7F790FE1AF1010A80F0F680C9
:10BBB0009DF8114003982042DAD09A208DF81200A7
:10BBC00000265846102100228DF81160F7F77CFE00
:10BBD00040F69C05C2F200050DF112012846012233
:10BBE0004FF0FF33F9F7ACF80DF1110128460122AF
:10BBF0004FF0FF33F8F7A4FF584610210122F7F762
:10BC000063FE9DF811001A2100F07F008DF81210DC
:10BC10008DF81300584610210022F7F755FE0DF15C
:10BC20001201284602224FF0FF330227F9F788F865
:10BC3000584610210122F7F747FE8C208DF812009C
:10BC40005846102100228DF81160F7F73DFE0DF1E6
:10BC50001201284601224FF0FF33F9F771F80DF178
:10BC60001101284601224FF0FF33F8F769FF5846CB
:10BC700010210122F7F728FE9DF8110010F01B0F8C
:10BC800040F0CC800198029920400C2900F0010777
:10BC900040F0C48094208DF812004FF00008584600
:10BCA0001021002203978DF81180F7F70DFE40F662
:10BCB0009C05C2F200050DF1120A284651460122E8
:10BCC0004FF0FF330126F9F73BF80DF11107284635
:10BCD000394601224FF0FF33F8F732FF5846102162
:10BCE0000122F7F7F1FD98209DF811408DF8120020
:10BCF0005846102100228DF81180F7F7E5FD0DF16F
:10BD00001201284601224FF0FF33F9F719F80DF11F
:10BD10001101284601224FF0FF33F8F711FF584672
:10BD200010210122F7F7D0FD9DF811000E9910F0B7
:10BD3000070040EAC400A0F1080008BFE000086066
:10BD4000012C98BF3446122C28BF122400984FF0C3
:10BD50009209461E5846102100228DF812908DF847
:10BD60001180F7F7B1FD2846514601224FF0FF330D
:10BD7000F8F7E6FF2846394601224FF0FF33F8F77F
:10BD8000DFFE584610210122F7F79EFD9DF81100B5
:10BD9000013C06F8010FDDD1039F3FE09A208DF8AA
:10BDA000120000208DF81100584610210022F7F7EC
:10BDB0008BFD40F69C05C2F200050DF112012846EC
:10BDC00001224FF0FF33F8F7BBFF0DF111012846B8
:10BDD00001224FF0FF33F8F7B3FE5846102101223D
:10BDE000F7F772FD9DF811001A2100F07F008DF821
:10BDF00012108DF81300584610210022F7F764FD49
:10BE00000DF11201284602224FF0FF330227F8F706
:10BE100097FF584610210122F7F756FD98208DF81C
:10BE2000120000208DF81100584610210022F7F76B
:10BE30004BFD40F69C05C2F200050DF112012846AB
:10BE400001224FF0FF33F8F77BFF0DF11101284677
:10BE500001224FF0FF33F8F773FE584610210122FC
:10BE6000F7F732FD9DF81100182140F080008DF8A1
:10BE700012108DF81300584610210022F7F724FD08
:10BE80000DF11201284602224FF0FF330224F8F789
:10BE900057FF584610210122F7F716FD584610218A
:10BEA0000022ADF81240F7F70FFD0DF11201284600
:10BEB00002224FF0FF33F8F743FF584610210122CA
:10BEC000F7F702FD384605B0BDE8F08F10B588B031
:10BED00050200DF10E04ADF80E00A21C20460221E8
:10BEE000F4F7ECFF0DF1080C0C2021460422234648
:10BEF000CDF800C0FFF7E8FC002008B010BD00003E
:10BF00002DE9F04387B040F6000681469020C4F248
:10BF1000010688468DF80A000025304610210022CF
:10BF20008DF804501027F7F7CFFC40F69C04C2F2BE
:10BF300000040DF10A01204601224FF0FF33F8F70B
:10BF4000FFFE01A9204601224FF0FF33F8F7F8FD6C
:10BF5000304610210122F7F7B7FC9DF804001021AC
:10BF600000F0F7008DF80B00304600228DF80A70C3
:10BF7000F7F7AAFC0DF10A01204602224FF0FF3329
:10BF80000227F8F7DDFE304610210122F7F79CFC6E
:10BF900040F21A70ADF80A00304610210022F7F77F
:10BFA00093FC0DF10A01204602224FF0FF33F8F70F
:10BFB000C7FE304610210122F7F786FCA8208DF835
:10BFC0000A003046102100228DF80450F7F77CFC5F
:10BFD0000DF10A01204601224FF0FF33F8F7B0FEC1
:10BFE00001AD2046294601224FF0FF33F8F7A8FDA6
:10BFF000304610210122F7F767FC9DF80400282144
:10C0000040F003008DF80A108DF80B003046102127
:10C010000022F7F759FC0DF10A01204602224FF0E9
:10C02000FF33F8F78DFE304610210122F7F74CFC64
:10C030000DF10A010C2001220B468DF80A900095A3
:10C04000FFF742FC38B90198102804D1BDF80A0066
:10C050000027A8F80000384607B0BDE8F0830000CC
:10C060002DE9F04381B040F60008C4F2010808F55C
:10C070008065284601210122F7F726FC00BF00BF9A
:10C0800000BF00BF00BF00BF00BF28460121002243
:10C0900000BF4FF00009F7F717FC00BF00BF00BF5B
:10C0A00000BF00BF00BF00BF28460121012200BF22
:10C0B000F7F70AFC00BF00BF00BF00BF00BF00BF12
:10C0C00000BF40F6027000BFADF8020040461021EC
:10C0D0000022F7F7F9FB40F69C05C2F200050DF1CE
:10C0E00002062846314602224FF0FF33F8F728FEB9
:10C0F000404610210122F7F7E7FB82240DF10107EA
:10C100004046102100228DF802408DF80190F7F78B
:10C11000DBFB2846314601224FF0FF33F8F710FED3
:10C120002846394601224FF0FF33F8F709FD404613
:10C1300010210122F7F7C8FB9DF80100C006DFD4EB
:10C1400000BF00BF00BF00BF00BF00BF00BF43F67D
:10C15000225000BFADF80200404610210022F7F740
:10C16000B3FB40F69C05C2F200050DF10201284622
:10C1700002224FF0FF33F8F7E3FD40461021012281
:10C18000F7F7A2FB41F65A60ADF8020040461021D5
:10C190000022F7F799FB0DF10201284602224FF029
:10C1A000FF33F8F7CDFD404610210122F7F78CFB55
:10C1B0005820ADF80200404610210022F7F784FB1A
:10C1C0000DF10201284602224FF0FF33F8F7B8FDC7
:10C1D000404610210122F7F777FB48F65450ADF89E
:10C1E0000200404610210022F7F76EFB0DF102011C
:10C1F000284602224FF0FF33F8F7A2FD40461021F7
:10C200000122F7F761FB43F65660ADF802004046A5
:10C2100010210022F7F758FB0DF1020128460222F7
:10C220004FF0FF33F8F78CFD404610210122F7F75D
:10C230004BFB44F22A00ADF80200404610210022D8
:10C24000F7F742FB0DF10201284602224FF0FF33BF
:10C25000F8F776FD404610210122F7F735FB01B0D3
:10C26000BDE8F08370470000F0B587B0002741F2C9
:10C270001800CDE90477CDE90277C4F20200016825
:10C2800040F6000441F0040101600168C4F20104B9
:10C2900001F0040101910199016802AD41F008012A
:10C2A00001600068012600F008000190019810204C
:10C2B000029003200590204629460396F7F7EEF9F1
:10C2C000029604F5806630462946F7F7E7F92046DE
:10C2D00010210122F7F7F8FA304601210122F7F781
:10C2E000F3FAFFF7BDFE4120FBF754F9A8262046DC
:10C2F000102100228DF804608DF81B70F7F7E4FA26
:10C3000040F69C05C2F2000501A9284601224FF023
:10C31000FF33F8F715FD0DF11B01284601224FF000
:10C32000FF33F8F70DFC204610210122F7F7CCFA75
:10C330009DF81B00282140F003008DF804108DF8B3
:10C340000500204610210022F7F7BEFA01A9284671
:10C3500002224FF0FF33F8F7F3FC204610210122B0
:10C36000F7F7B2FA6420F7F785F9EE208DF80400AC
:10C370002046102100228DF81B70F7F7A5FA01A9BD
:10C38000284601224FF0FF33F8F7DAFC0DF11B01CC
:10C39000284601224FF0FF33F8F7D2FB2046102148
:10C3A0000122F7F791FA9DF81B501AA0294601F0D7
:10C3B00069F8A5F1930010F1030F02D81BA001F05A
:10C3C00077FD2046102100228DF804608DF81B7047
:10C3D000F7F77AFA40F69C05C2F2000501A9284653
:10C3E00001224FF0FF33F8F7ABFC0DF11B0128469B
:10C3F00001224FF0FF33F8F7A3FB20461021012262
:10C40000F7F762FA9DF81B100DA001F03BF807B09A
:10C41000F0BD00BF52433532322056657273696FEA
:10C420006E3A203078253032580D0A0052433532AA
:10C430003220696E6974206572726F72210D00007E
:10C440005478436F6E74726F6C526567203D203074
:10C4500078253032580D0A00B0B586B0002541F27B
:10C460001800CDE90455CDE90255C4F20200016877
:10C4700040F6000441F0040101600068C4F20104C8
:10C4800000F00400019001984FF4805002900120C8
:10C4900003900220059002A92046F7F7FFF82046F6
:10C4A0004FF480510022F7F70FFA40F21810C2F251
:10C4B0000000057006B0B0BD40F60000C4F20100F7
:10C4C0004FF480510022F7F7FFB9000070B5044621
:10C4D00040F60000C4F201004FF480510122012512
:10C4E000F7F7F2F940F21816C2F20006301D2146A5
:10C4F00000F044F9357070BDB0B540F21814C2F2C6
:10C5000000042078012810D1201D00F023F9002814
:10C5100008BFB0BD40F60000C4F201004FF48051E6
:10C5200000220025F7F7D0F92570B0BD2DE9F043C2
:10C5300081B0089C984615460E468146F7F7CAF921
:10C54000201A00EB0804F7F7C5F940F22001C2F207
:10C5500000010968C1F3CB3161430091D9F80010A3
:10C560008A683240921BB2FA82F2520995423DD05B
:10C57000074618F1010031D0F7F7ACF9C01BA04213
:10C5800038D2009800990028A1F101010091D9F852
:10C590000010896808BF044601EA0600801BB0FA53
:10C5A00080F040098542E7D120E000BF8868304034
:10C5B000801BB0FA80F04009854217D0886830406F
:10C5C000801BB0FA80F0400985420FD08868304067
:10C5D000801BB0FA80F04009854207D0886830405F
:10C5E000801BB0FA80F040098542DFD1002001B005
:10C5F000BDE8F083D9E900014268B1F5827F22F0FD
:10C60000E00242600BD1D9F80810B1F5004F02D01A
:10C61000B1F5806F03D1016821F040010160D9F8C4
:10C620002810B1F5005F07D1016821F400510160C5
:10C63000016841F400510160012089F85100002097
:10C6400089F85000032001B0BDE8F0837047000076
:10C6500010B588B040F23C14C2F2000421780020EA
:10C660008DF8001069460790CDF81900CDF8150037
:10C67000CDF81100CDF80D00CDF80900CDF805007A
:10C68000CDF80100FEF7E0FE80B302464EF62640EC
:10C69000C0F60000012100F0F5FEC820F6F7EAFF21
:10C6A00069460020FEF7D0FE00B302464EF6264053
:10C6B000C0F60000022100F0E5FEC820F6F7DAFF20
:10C6C00069460020FEF7C0FE80B102464EF62640C5
:10C6D000C0F60000032100F0D5FEC820F6F7CAFF1F
:10C6E00006A001F0E5FB012008B010BD217810A0E4
:10C6F00000F0C8FE002008B010BD00BF4552524FE8
:10C70000523A2043616E6E6F7420736176652066C5
:10C71000696E6765727072696E74207573616765A2
:10C7200020746F206D6F64756C65210D0000000032
:10C7300046696E67657220736C6F742075736167EC
:10C74000652073617665643A203078253032580D63
:10C750000A00000010B50446007A01281CBF002022
:10C7600010BDF7F7B7F8D4E90012401A90424FF025
:10C77000000024BF2072012010BD0000B0B50C469F
:10C780000546F7F7A7F8C5E9000401202872B0BDF7
:10C790000021017270470000F7F7DEBB7047000010
:10C7A00040F6F400C2F20000F8F7FEBE406A002135
:10C7B000C185C184F9F762B881B090F8421022298E
:10C7C00021D183680246B3F5805F09D152F8281F52
:10C7D00052F8183C002B63D003685B680AE000BF86
:10C7E00052F8281F13B90369002BF5D003685B6862
:10C7F00003F07F030B70116801311160C18D0139A5
:10C800000A04C18502D001B0704700BF0168CA6840
:10C8100022F02002CA60CA6822F48072CA604A69A3
:10C8200022F001024A61202180F842100021416378
:10C83000026B012A3CD10163016851E8031F0268C1
:10C8400021F0100142E80313DBB1016851E8031F36
:10C85000026821F0100142E8031393B1016851E826
:10C86000031F026821F0100142E803134BB1016875
:10C8700051E8031F026821F0100142E80313002B66
:10C88000DAD101680A68D20606D5002200920A6849
:10C890000092496800910099818D01B0F8F734BF8A
:10C8A000026852686FF35F2221F8022B8162A5E7CC
:10C8B00001B0F9F7CDBB0000B0B582B040F63C1432
:10C8C000C2F2000420680168C9061BD5002101914D
:10C8D00001680191406801900198E08DC0F1C805A0
:10C8E0002046F8F713FF40F23E1145F40040C2F233
:10C8F0000001088040F26011C2F200012046C82207
:10C90000F9F77CFB40F63C10C2F2000002B0BDE833
:10C91000B040F8F7B5BF000040F68410C2F2000046
:10C92000F8F7AEBF40F6CC10C2F20000F8F7A8BF8F
:10C93000FEE70000002A14BF4FF6FF737047F9F7B7
:10C94000BFBB0000B0B586B00020CDF81300049046
:10C95000CDF80B00029004A916200622F3F740FF41
:10C960009DF81000FF3810F1FF0F0CD843F235602E
:10C97000059043F23120C3F23340049004A91620FD
:10C980000622F4F711F8FCF71BFB3FA20020082158
:10C990000223FCF7DBFD4EF6B832C0F600020020A1
:10C9A00010210123FCF7D2FD4EF6CA32C0F6000278
:10C9B000002038210123FCF7C9FDFCF7F3FD02A894
:10C9C0000621FAF78BF8B8B1FCF7FAFA4EF67F2297
:10C9D000C0F600020020102101230024FCF7B6FD60
:10C9E000FCF7E0FD4FF47A70F6F744FEFBF7BAFF70
:10C9F000204606B0B0BD00BF02A804A90622F3F786
:10CA0000D8FB78B340F22C24C2F200042078013025
:10CA10002070FCF7D5FA4EF6A832C0F600020020CE
:10CA2000102102230025FCF791FDFCF7BBFD40F22D
:10CA3000DC50F6F71FFE207805280CD315A2002045
:10CA400020210123FCF782FDFCF7ACFD4FF4FA60D6
:10CA5000F6F710FE2570FBF785FF0024204606B090
:10CA6000B0BD00BF40F22C20C2F2000000250570CE
:10CA700002200021002200230095FAF75BFD01242B
:10CA8000204606B0B0BD00BF55736572204C6F677D
:10CA9000696E0000546F6F206D616E79206572724F
:10CAA0006F727300B0B582B0FCF78AFA41A2002021
:10CAB00018210123FCF74AFDFCF774FD4FF4FA60DE
:10CAC000FDF7E0FEB0B13FA2002020210123FCF7DA
:10CAD0003DFDFCF767FD4FF44870F6F7CBFD40F2E3
:10CAE0004010C2F200000078012819D0F0B102B065
:10CAF000B0BD00BF0120FDF713FDE8B134A2002056
:10CB000020210123FCF722FDFCF74CFD4FF4487077
:10CB1000F6F7B0FD40F24010C2F20000007828B1F4
:10CB200002B0BDE8B040FBF7ADBF00BF02B0BDE84A
:10CB3000B040FBF717BF00BF01AB0120002163220B
:10CB40000025FDF78BFF0446FCF73AFA54B124A206
:10CB5000002020210123FCF7F9FCFCF723FD4FF412
:10CB60007A7014E022A2002020210223FCF7EEFCC0
:10CB7000FCF718FDF6F766F9BDF804000023020A79
:10CB8000C1B201200095FAF7D5FC40F2DC50F6F76F
:10CB900071FD40F24010C2F200000078012805D07B
:10CBA0000028A4D1FBF7DEFE02B0B0BDFBF76AFFA0
:10CBB00002B0B0BD506C6163652066696E676572D6
:10CBC0002E2E2E004E6F2066696E67657200000083
:10CBD00047656E43686172206661696C0000000001
:10CBE000566572696679204661696C65640000006B
:10CBF000566572696679204F4B210000B0B584B04C
:10CC000005460020029010200090012040F60044CC
:10CC100001900320C4F20104039069462046F6F710
:10CC20003DFD05F0010220461021F6F74DFE20469D
:10CC300008210022F6F748FE00BF00BF00BF00BF7A
:10CC400000BF00BF00BF20460821012200BFF6F749
:10CC50003BFE00BF00BF00BF00BF00BF00BF00BF62
:10CC6000C5F340022046102100BFF6F72DFE2046F6
:10CC700008210022F6F728FE00BF00BF00BF00BF5A
:10CC800000BF00BF00BF20460821012200BFF6F709
:10CC90001BFE00BF00BF00BF00BF00BF00BF00BF42
:10CCA000C5F380022046102100BFF6F70DFE204696
:10CCB00008210022F6F708FE00BF00BF00BF00BF3A
:10CCC00000BF00BF00BF20460821012200BFF6F7C9
:10CCD000FBFD00BF00BF00BF00BF00BF00BF00BF23
:10CCE000C5F3C0022046102100BFF6F7EDFD204637
:10CCF00008210022F6F7E8FD00BF00BF00BF00BF1B
:10CD000000BF00BF00BF20460821012200BFF6F788
:10CD1000DBFD00BF00BF00BF00BF00BF00BF00BF02
:10CD2000C5F300122046102100BFF6F7CDFD2046C6
:10CD300008210022F6F7C8FD00BF00BF00BF00BFFA
:10CD400000BF00BF00BF20460821012200BFF6F748
:10CD5000BBFD00BF00BF00BF00BF00BF00BF00BFE2
:10CD6000C5F340122046102100BFF6F7ADFD204666
:10CD700008210022F6F7A8FD00BF00BF00BF00BFDA
:10CD800000BF00BF00BF20460821012200BFF6F708
:10CD90009BFD00BF00BF00BF00BF00BF00BF00BFC2
:10CDA000C5F380122046102100BFF6F78DFD204606
:10CDB00008210022F6F788FD00BF00BF00BF00BFBA
:10CDC00000BF00BF00BF20460821012200BFED09BF
:10CDD000F6F77AFD00BF00BF00BF00BF00BF00BF75
:10CDE00000BF204610212A4600BFF6F76DFD204601
:10CDF00008210022F6F768FD00BF00BF00BF00BF9A
:10CE000000BF00BF00BF20460821012200BFF6F787
:10CE10005BFD00BF00BF00BF00BF00BF00BF00BF81
:10CE200000BF04B0B0BD000080B582B0019040F6F4
:10CE3000CC10C2F2000001A901224FF47A73F9F775
:10CE40003FF90199002818BF4FF0FF31084602B0A2
:10CE500080BD000094B0F7F78DF8092000240A90F7
:10CE60004FF480300225CDE90B04CDE911504FF489
:10CE7000E010012113900AA80F94CDE90D44CDE9EB
:10CE800003440E911091F7F72DFB28B1EFF31080BA
:10CE900072B600BFFEE700BF0F20CDE905054FF4D5
:10CEA0008060CDE9080405A802210794F7F714FA79
:10CEB00020B1EFF3108072B6FEE700BF01200190B1
:10CEC0004FF40070029001A8F7F784F920B1EFF356
:10CED000108072B6FEE700BFFBF7F0FBFBF74AFCE1
:10CEE000FBF76AFCFBF7E2FCFBF71EFDFBF7A2FC7D
:10CEF000FBF77AFCFBF7FAFCFCF76CF8FCF760F840
:10CF00000FF2C442002000210123FCF71FFBFCF7B5
:10CF100049FB4FF49670F6F7ADFBFFF79DFA0FF261
:10CF2000B042002010210123FCF710FBFCF73AFB74
:10CF30004FF49670F6F79EFBF3F754FF0FF29C4206
:10CF4000002018210123FCF701FBFCF72BFB4FF419
:10CF50009670F6F78FFBF9F797FE0FF288420020E4
:10CF600020210123FCF7F2FAFCF71CFB4FF496702A
:10CF7000F6F780FB0FF27442002028210123FCF712
:10CF8000E5FAFCF70FFBFFF76FF90FF27042002094
:10CF900028210123FCF7DAFAFCF704FB4FF4967022
:10CFA000F6F768FBFEF700F90AA8FDF785FC18B153
:10CFB0000FF2544208E000BF0A9840F21C01C2F28E
:10CFC00000010FF250420860002030210123FCF7DD
:10CFD000BDFAFCF7E7FA4FF49670F6F74BFBF4F75F
:10CFE00087F940F20C0BC2F2000B0BF10100F4F7D1
:10CFF000B3F9FBF7E5FF0FF22842002000210123DF
:10D00000FCF7A4FAFCF7CEFA4FF49670F6F732FB71
:10D01000FAF7A4F80FF21042002008210123FCF7D0
:10D0200095FAFCF7BFFA4FF49670F6F723FBFAF780
:10D030003BFA0FF20042002010210123FCF786FA90
:10D04000FCF7B0FA4FF49670F6F714FB40F2401874
:10D05000C2F2000840F6841008F10501C2F2000097
:10D060000122F8F7CBFF40F6CC1008F10601C2F21E
:10D0700000000122F8F7C2FF0FF2C0320020182191
:10D080000123FCF763FAFCF78DFA4FF49670F6F77C
:10D09000F1FA0FF2B432002020210123FCF756FAF6
:10D0A000FCF780FAF4F780FD0FF2AC32002020216B
:10D0B0000123FCF74BFAFCF775FA4FF49670F6F77C
:10D0C000D9FA0FF29C32002028210123FCF73EFA06
:10D0D000FCF768FAFCF734FB30B340F6B830F6F7EB
:10D0E000C9FAFCF72DFBF8B140F6B830F6F7C2FAF2
:10D0F000FCF726FBC0B140F6B830F6F7BBFAFCF7F8
:10D100001FFB88B140F6B830F6F7B4FAFCF718FB0D
:10D1100050B140F6B830F6F7ADFAD7A2002028217A
:10D120000123FCF713FA07E0D1A2002028210123F4
:10D13000FCF70CFAFCF7B0FAFCF734FA4FF4FA708B
:10D14000F6F798FAFBF73AFD4FF0000988F80090DF
:10D15000FBF736FFFBF706FCF6F7BCFB0546F6F7D8
:10D16000B9FB40F2304A40F20017C2F2000AC2F2A4
:10D17000000706E0FFF7C0F9F3F760FE0A20F6F7B4
:10D1800079FA98F8040098B108F11400FFF7E2FA70
:10D1900070B198F8020088F80490012808D1FFF7D0
:10D1A0008BF9012088F80290F3F700FEFBF7DAFB19
:10D1B000F6F790FBD8F80C10401AB0F57A7F09D337
:10D1C000F6F788FB98F80010C8F80C00002908BF93
:10D1D000FBF7C8FBF9F702FE0646F9F7C3FD044664
:10D1E000F3F7BAFF9AF8001098F8010081B178B906
:10D1F0008AF80090FFF756FC98F80000012800F02C
:10D20000B38060B9FBF7AEFBE0B20D280AD031E085
:10D210009AF8001000291CBF00288AF80090E0B29C
:10D220000D2827D198F8010020BBF3F73BFD68B12A
:10D2300040F20110A8F80000FBF7C0FCF6F74AFB2B
:10D2400047F230510844C8F8080013E00220F3F711
:10D25000ADFD4EF2957200203821C0F60002012388
:10D26000FCF774F9FCF79EF94FF47A70F6F702FABE
:10D27000FBF778FB98F80000002808BF102E6DD04F
:10D2800098F80000012818D198F80300A8B91EB139
:10D29000FBF7D6FC002873D0F6F71CFBD8F8081073
:10D2A000884208D9FBF7CCFC98F803100843000625
:10D2B00008BFF4F7BBFFFBF725FE98F802009BF8C8
:10D2C000001088420AD1F6F705FBD8F81010401A72
:10D2D0004EF66021884203D208E000BF8BF80000C0
:10D2E000F6F7F8FAC8F81000FCF7B4FEF6F7F2FA11
:10D2F000401B47F2315188420AD34EF28770C0F684
:10D30000000000F0D5FDFCF7A9F9F6F7E3FA0546B1
:10D310000120F4F715FC50B104464EF27570C0F6CA
:10D320000000214600F0AEF82046FCF7DBFAB7F922
:10D3300000100129FFF61EAF40F20210C2F20000F9
:10D3400000888AB282423FF415AF02B24EF25670A4
:10D35000C0F6000000F096F80CE700BFFFF7F2FA05
:10D3600050B1F5F76FFD8BE7FBF78CFBE0B20D28B2
:10D370003FF458AF7EE700BF0220F3F717FD7FE7C9
:10D38000F6F7A8FA47F230510144A6F10B00042841
:10D39000C8F8081014D8DFE800F0030B13070F00DB
:10D3A0000120FBF753FC77E70320FBF74FFC73E703
:10D3B0000220FBF74BFC6FE70420FBF747FC6BE711
:10D3C0000120F3F7F3FC67E74F4C4544204F4B0037
:10D3D00052656C6179204F4B00000000426565701A
:10D3E000204F4B004B6579204F4B000052433532A4
:10D3F0003220496E69742E2E2E00000052433532C1
:10D4000032204F4B00000000415336303820466137
:10D41000696C00004153363038204F4B000000004B
:10D42000525443204F4B0000454550524F4D204F22
:10D430004B0000004C6F67204F4B00005541525489
:10D44000204954204F4B00005769466920496E69B6
:10D45000742E2E2E0000000057694669204F4B00A5
:10D460004D51545420436F6E6E6563742E2E2E0002
:10D470004D515454204F4B004D5154542046616936
:10D480006C0000000FB4054B10B503A9044A0298C4
:10D4900000F008F910BC5DF814FB000029CE00086C
:10D4A000000000200FB47CB50C0009AD01D0611E56
:10D4B00000E00021CDE90001064B6A4629460898A4
:10D4C00000F0F0F8002C02D0009A002111707CBC12
:10D4D0005DF814FBD3DD00080FB4084B10B504A9A8
:10D4E00002AA039800F0DEF8044602A9002000F02A
:10D4F0007BFC204610BC5DF814FB0000E9DD000851
:10D5000002E008C8121F08C1002AFAD1704770470C
:10D51000002001E001C1121F002AFBD1704700006A
:10D520002DE9FF5F82B00021DDE90430020DDDF856
:10D5300040B0034318D044F61050A2F2FF324243E9
:10D540001514119801281FD0A5EB0B00401C5FEAB1
:10D55000000A4FF000064E4FDFF83891B0465046B3
:10D5600015D5CAF1000413E0119801244AA301283B
:10D5700001D16FEA0B010298119AC0E90031C0E9AC
:10D58000024206B0BDE8F09FCBF10000DFE70446A1
:10D590000021404A491842EB0450CDE9001012E046
:10D5A000E00707D032463B4640464946F2F72DFF9A
:10D5B0008046894632463B4610461946F2F725FF1B
:10D5C00006460F466410002CEAD1DDE90401DDE9CE
:10D5D0000023BAF1000F06DAF2F717FF42464B4676
:10D5E000F2F713FF05E0F2F782FF42464B46F2F7EF
:10D5F0007EFF04460E460022284BF2F7FFFF03D8B9
:10D600004FF0FF30014607E00022254B204631460F
:10D61000F2F754FEF2F7DAFF102409E0002C0ADBDF
:10D620000A220023F2F719FE039B30321A55641EBA
:10D6300050EA0102F2D1641C039AC4F111031444AC
:10D64000119A012A03D0012208430DD10AE00843B0
:10D6500004D000204FF0110B119072E7A3EB0B05E3
:10D660006D1E0DE05B4504DD4FF0000205F1010584
:10D6700004E003DA4FF00002A5F10105002AECD026
:10D6800002981199C0E90231C0E9004579E700002C
:10D69000000014400000F03F300000000000F043A4
:10D6A0000000E03F2DE9FF4F95B09B4689460646B6
:10D6B00000250FE2252877D100242746F84A0121CA
:10D6C000059400E0044316F8013F203B01FA03F003
:10D6D0001042F7D130782A2811D06FF02F0330781C
:10D6E000A0F13002092A16D8059A44F0020402EB90
:10D6F000820203EB42021044761C0590EFE759F8D2
:10D70000042B0592002A03DA504244F40054059099
:10D7100044F00204761C30782E2816D116F8010F3A
:10D7200044F004042A280DD06FF02F023078A0F1C5
:10D730003003092B09D807EB870302EB4303C71813
:10D74000761CF3E759F8047B761C30786C280FD0F0
:10D7500006DC4C2817D068280DD06A2814D104E0C4
:10D76000742810D07A280FD10DE044F400140AE098
:10D7700044F4801401E044F440147278824202D1EF
:10D7800004F58014761C761C307866280BD013DCE8
:10D79000582877D009DC002875D04528F6D04628CF
:10D7A000F4D047281AD19DE118E0632835D06428C9
:10D7B00079D0652812D195E1702873D008DC6728EC
:10D7C000F1D069286FD06E280DD06F2806D1B5E052
:10D7D00073282CD0752875D0782874D05A4617999C
:10D7E00090476D1C75E1C4F30250022809D003284C
:10D7F0000DD0D9F8001004280DD00D6009F10409EE
:10D8000067E1D9F80010EA17C1E90052F6E7D9F844
:10D8100000100D80F2E70D70F0E719F8041B8DF889
:10D82000001000208DF80100EA46012003E059F8BD
:10D8300004AB4FF0FF3061074FF0000102D40DE060
:10D8400008F101018846B9420FDA8045F8DB1AF881
:10D8500008100029F4D108E008F10101884681424E
:10D86000FADB1AF808100029F6D105985B46A0EB00
:10D87000080721463846179A00F094FA284400EB2E
:10D88000080507E04DE029E10DE01AF8010B5A46C2
:10D8900017999047B8F10108F7D25B462146384600
:10D8A000179A13E142E00A220092C4F302524FF0A9
:10D8B000000A022A08D059F804CB032A4FEAEC7177
:10D8C0000AD00DE029E02AE009F1070121F0070262
:10D8D000F2E802C1914609E00FFA8CFC4FEAEC71C4
:10D8E000042A03D14FFA8CFC4FEAEC71002907DAC5
:10D8F0000A460021DCF1000C61EB02012D2202E05E
:10D90000220504D52B228DF80420012203E0E20732
:10D9100001D02022F7E7904659E00A2102E01022C8
:10D920000DE010214FF0000A00910BE010224FF0A3
:10D93000000A44F004040827009203E008224FF094
:10D94000000A0092C4F30252022A05D059F804CB0F
:10D950000021032A08D009E009F1070121F007029C
:10D96000F2E802C1914605E01FFA8CFC042A01D1BD
:10D970000CF0FF0C4FF00008220728D5702806D0C5
:10D98000009B83F0100353EA0A0305D00EE0402207
:10D990008DF80420012208E05CEA010206D0302262
:10D9A0008DF804208DF8050002229046009B83F03C
:10D9B000080353EA0A030AD15CEA010201D16207B3
:10D9C00005D530228DF804204FF001087F1E58281D
:10D9D00004D034A003900EA802900DE036A0F9E721
:10D9E00053466046009AF2F738FC84460398825CFE
:10D9F0000298401E029002705CEA0100F0D1029889
:10DA000006A9081A00F1200A600702D524F4803420
:10DA100000E00127574502DDA7EB0A0000E00020E7
:10DA200000EB0A01009005984144401A0590E0037C
:10DA300006D45B462146179A059800F0B3F90544D1
:10DA4000002706E001A85A46C05D179990476D1C53
:10DA50007F1C4745F6DBE0030CD55B462146179A51
:10DA6000059800F09FF9054404E030205A461799C4
:10DA700090476D1C0099481E00900029F5DC08E0D5
:10DA8000029802995A460078491C029117999047CA
:10DA90006D1CBAF10001AAF1010AF1DC65E1000098
:10DAA0000928010030313233343536373839616274
:10DAB0006364656600000000303132333435363738
:10DAC00038394142434445460000000000F058F90F
:10DAD0000544761C307800287FF4ECAD19B0284658
:10DAE000BDE8F08F620700D4062709F1070222F093
:10DAF000070CFCE80223E14603F000485FEA080C4B
:10DB000002D00FF2702C0DE05FEA045C02D50FF238
:10DB1000682C07E05FEAC47C02D00FF2602C01E0C1
:10DB2000AFF2700C4FF0FF3823F00043CDF850C037
:10DB300065280CD006DC452809D046281DD047288A
:10DB40003DD13DE0662818D067287ED138E000211D
:10DB5000112F01DB112000E0781CCDE9000106A99E
:10DB60000EA8FFF7DDFCDDE90F010E9A03910021FD
:10DB7000009207F1010A04914DE04FF00040009738
:10DB8000CDE9011006A90EA8FFF7CAFCDDE90F02D6
:10DB900003920E9B11990022DDF80CA000930492D1
:10DBA00011B9791C00EB010AB7EB0A0004D4C0F1EB
:10DBB000FF3007F1010A0490AAEB0700019044E04E
:10DBC000012F00DA01270021112F01DD112000E0D3
:10DBD0003846CDE9000106A90EA8FFF7A1FCDDE952
:10DBE0000F010E9A0391002104910092BA46210779
:10DBF0000CD40399514500DA8A46BAF1010F05DDCC
:10DC0000009AAAF10101515C302908D0B84202DA29
:10DC100010F1040F06DA0121CDE9011015E0AAF197
:10DC20000101E9E7002805DC049901440491AAEB0D
:10DC3000000102E0411C514500DD8A460499401A6A
:10DC4000401C01904FF000400290200704D401983E
:10DC5000504501DBCDF8048000208DF84F0002987C
:10DC60000DF14F07B0F1004F25D02B200E900298F8
:10DC70004FF0020800280CDA404202902D200E904E
:10DC800007E00A210298F2F7D2FA3031029007F841
:10DC9000011DB8F10001A8F10108F2DC029800288A
:10DCA000EFD1791E0E980870307800F0200040F017
:10DCB000450007F8020D12A8C01B00F107081498D0
:10DCC000007800B1012000EB0A01019801EBE0713E
:10DCD00005984144401A401E0590E00306D45B4677
:10DCE0002146179A059800F05DF8054414980078CD
:10DCF00018B15A46179990476D1CE00324D55B462E
:10DD00002146179A059800F04DF805441CE0049848
:10DD1000002807DBDDE90301884203DD0098405C51
:10DD2000179901E0179930205A469047049805F159
:10DD30000105401C04900198401E019004D12E2042
:10DD40005A46179990476D1CBAF10001AAF1010AD1
:10DD5000DDDC05E017F8010B5A46179990476D1C5A
:10DD6000B8F10001A8F10108F4DC5B462146179ADE
:10DD70000598ABE62D0000002B00000020000000FD
:10DD80002DE9F041044600251E461746880404D4B8
:10DD900005E039462020B0476D1C641EF9D52846A1
:10DDA000BDE8F0812DE9F041044600251E4690466D
:10DDB000C80301D5302700E02027880404D505E0FA
:10DDC00041463846B0476D1C641EF9D52846BDE86B
:10DDD000F0814A68002A06D00A68531C0B60107054
:10DDE0004868401E486070470A68531C0B601070FA
:10DDF0007047000010B5002821D0114B0022001FF1
:10DE0000196803E0814203D80A4649680029F9D11C
:10DE100052B11368841A9C4204D1006818441060FF
:10DE2000104602E0506000E0186039B102680B1A39
:10DE3000934203D10B681A4402604968416010BDE7
:10DE400004000020F0B50B30154D20F00701002430
:10DE5000144A0FE003688B420BD38B4205D95E1A3C
:10DE600043184768C3E9006700E04368136002C0D5
:10DE700004E0021D10680028ECD12046002802D1E1
:10DE8000286808B10020F0BD064A07481060074A1C
:10DE9000121A22F00702C0E9002401202860D7E707
:10DEA00008000020040000208C0A0020880C0020BC
:10DEB00010B5044601E0FEF7B7FF14F8010B044962
:10DEC0000028F8D1BDE810400A20FEF7ADBF0000E1
:10DED000000000201CEB000823EB000815EB0008F5
:10DEE0002AEB00080000000000000000010203040B
:10DEF00006070809000000000102030400000000FA
:10DF000000000000002F00000000070007000014C0
:10DF10007F147F1400242A7F2A12006264081323CE
:10DF200000364955225000000503000000001C2265
:10DF30004100000041221C000014083E08140008A3
:10DF4000083E0808000000A0600000080808080853
:10DF5000000060600000002010080402003E5149EB
:10DF6000453E0000427F4000004261514946002189
:10DF700041454B31001814127F10002745454539A3
:10DF8000003C4A49493000017109050300364949FE
:10DF9000493600064949291E0000363600000000B7
:10DFA0005636000000081422410000141414141402
:10DFB00000004122140800020151090600324959AB
:10DFC000513E007C1211127C007F49494936003EC7
:10DFD00041414122007F4141221C007F4949494182
:10DFE000007F09090901003E4149497A007F08087C
:10DFF000087F0000417F4100002040413F01007F39
:10E0000008142241007F40404040007F020C027F04
:10E01000007F0408107F003E4141413E007F090916
:10E020000906003E4151215E007F0919294600463C
:10E03000494949310001017F0101003F4040403F13
:10E04000001F2040201F003F4038403F006314085D
:10E050001463000708700807006151494543000038
:10E060007F41410000552A552A55000041417F005B
:10E070000004020102040040404040400000010250
:10E080000400002054545478007F48444438003839
:10E090004444442000384444487F003854545418C1
:10E0A00000087E0901020018A4A4A47C007F0804D3
:10E0B00004780000447D4000004080847D00007FA3
:10E0C000102844000000417F4000007C04180478C0
:10E0D000007C0804047800384444443800FC2424BC
:10E0E00024180018242418FC007C080404080048A4
:10E0F0005454542000043F444020003C4040207CC5
:10E10000001C2040201C003C4030403C00442810B3
:10E110002844001CA0A0A07C004464544C44141467
:10E12000141414140000000000000000000000009F
:10E1300000000000000000F80000000000000033B4
:10E140003000000000100C06100C0600000000005B
:10E150000000000040C07840C0784000043F040444
:10E160003F040400007088FC08300000001820FF05
:10E17000211E0000F008F000E018000000211C0340
:10E180001E211E0000F00888700000001E212324BC
:10E190001927211010160E000000000000000000DA
:10E1A00000000000000000E018040200000000076A
:10E1B0001820400000020418E00000000040201871
:10E1C00007000000404080F0804040000202010F44
:10E1D00001020200000000F0000000000101011F28
:10E1E00001010100000000000000000080B070008C
:10E1F000000000000000000000000000000101011C
:10E2000001010101000000000000000000303000AA
:10E210000000000000000000806018040060180684
:10E220000100000000E010080810E000000F1020BE
:10E2300020100F00001010F8000000000020203F08
:10E240002020000000700808088870000030282492
:10E250002221300000300888884830000018202033
:10E2600020110E000000C02010F800000007042458
:10E27000243F240000F8088888080800001921209D
:10E2800020110E0000E0108888180000000F1120F7
:10E2900020110E0000380808C83808000000003FB0
:10E2A000000000000070880808887000001C22210F
:10E2B00021221C0000E010080810E00000003122BC
:10E2C00022110F00000000C0C0000000000000305C
:10E2D00030000000000000800000000000008060AE
:10E2E000000000000000804020100800000102042F
:10E2F0000810200040404040404040000404040416
:10E3000004040400000810204080000000201008D1
:10E3100004020100007048080808F0000000003006
:10E3200036010000C030C828E810E0000718272494
:10E3300023140B000000C038E0000000203C230242
:10E340000227382008F8888888700000203F2020A5
:10E3500020110E00C03008080808380007182020D7
:10E360002010080008F808080810E000203F2020CE
:10E3700020100F0008F88888E8081000203F2020AF
:10E380002320180008F88888E8081000203F2000A3
:10E3900003000000C03008080838000007182020DB
:10E3A000221E020008F808000008F808203F21019A
:10E3B00001213F20000808F8080800000020203F45
:10E3C0002020000000000808F8080800C0808080B5
:10E3D0007F00000008F888C028180800203F2001AE
:10E3E0002638200008F8080000000000203F202008
:10E3F0002020300008F8F800F8F80800203F003F1F
:10E40000003F200008F830C00008F808203F200036
:10E4100007183F00E01008080810E0000F10202047
:10E4200020100F0008F808080808F000203F21011C
:10E4300001010000E01008080810E0000F18242473
:10E4400038504F0008F8888888887000203F2000E6
:10E45000030C30200070880808083800003820219C
:10E4600021221C00180808F8080818000000203FA6
:10E470002000000008F808000008F808001F20200D
:10E4800020201F000878880000C8380800000738DE
:10E490000E010000F80800F80008F800033C07002F
:10E4A000073C0300081868808068180820302C0397
:10E4B000032C30200838C800C83808000000203F6E
:10E4C0002000000010080808C8380800203826215D
:10E4D00020201800000000FE020202000000007F61
:10E4E00040404000000C30C000000000000000016F
:10E4F0000638C00000020202FE000000004040405A
:10E500007F0000000000040202020400000000007E
:10E5100000000000000000000000000080808080FB
:10E5200080808080000202040000000000000000E3
:10E53000000000000000808080800000001924227C
:10E5400022223F2008F8008080000000003F1120B8
:10E5500020110E000000008080800000000E1120BD
:10E5600020201100000000808088F800000E11209B
:10E5700020103F200000808080800000001F2222A9
:10E5800022221300008080F0888888180020203F15
:10E59000202000000000808080808000006B949428
:10E5A0009493600008F8008080800000203F2100E4
:10E5B00000203F2000809898000000000020203FAD
:10E5C00020200000000000809898000000C080809B
:10E5D000807F000008F8000080808000203F240237
:10E5E0002D302000000808F8000000000020203F27
:10E5F000202000008080808080808000203F2000DC
:10E600003F20003F8080008080800000203F21006C
:10E6100000203F200000808080800000001F20201C
:10E6200020201F00808000808000000080FFA1204B
:10E6300020110E000000008080808000000E11205C
:10E6400020A0FF80808080008080800020203F21EB
:10E65000200001000000808080808000003324249E
:10E6600024241900008080E0808000000000001F4A
:10E67000202000008080000000808000001F2020FB
:10E6800020103F20808080000080808000010E30BC
:10E690000806010080800080008080800F300C031D
:10E6A0000C300F0000808000808080000020312E20
:10E6B0000E312000808080000080808080818E70FC
:10E6C0001806010000808080808080000021302CAE
:10E6D0002221300000000000807C020200000000C7
:10E6E000003F404000000000FF000000000000006C
:10E6F000FF0000000002027C800000000040403F5C
:10E7000000000000000601010202040400000000F5
:10E7100000000000000000000000000000010101F6
:10E7200001010100010202030405060708090A0BA2
:10E730000C0D0E0F10100400030002000100080071
:10E740000700060005000C000B000A00090010007D
:10E750000F000E000D00526563656976696E673AB9
:10E7600020636E743D25642C20636E745072653D89
:10E7700025640D0A00495044207061796C6F616412
:10E780003A2025730D0A0053656E642070696E6728
:10E790002E2E2E0D0041646D696E20507764204549
:10E7A00072726F72004950442C004F4B0024637208
:10E7B00073702F00246372657100436F6E6E414366
:10E7C0004B206572726F722025640D0A004F6E65D2
:10E7D0004E455420636F6E6E6563746564210D0051
:10E7E0004E6F2027666C61672720696E2070617903
:10E7F0006C6F61640D0053756273637269626520AA
:10E800006661696C65640D004E6F20434F4E4E414A
:10E81000434B2072656365697665640D00556E6BC8
:10E820006E6F776E20666C61672076616C75650D22
:10E830000052656D6F746520756E6C6F636B0D00B3
:10E84000313838330076657273696F6E3D3230311E
:10E85000382D31302D3331267265733D70726F64FF
:10E8600075637473253246586E636C6E666E4447EA
:10E8700051253246646576696365732532466C6F4F
:10E88000636B2665743D3138303535313138373278
:10E89000266D6574686F643D6D6435267369676EB7
:10E8A0003D395168717873334B41253246497A6955
:10E8B0006D44253242706C644B6E512533442533D0
:10E8C0004400586E636C6E666E44475100434F4E71
:10E8D0004E4543540066616C736500747275650043
:10E8E0006D717474732E6865636C6F7564732E63D9
:10E8F0006F6D00247379732F25732F25732F746820
:10E90000696E672F70726F70657274792F7365749A
:10E910005F7265706C79007B226964223A222573EC
:10E92000222C22636F6465223A302C226D73672299
:10E930003A2273756363657373227D007B22696479
:10E94000223A22313233222C22706172616D73229D
:10E950003A7B22666C6167223A7B2276616C756530
:10E96000223A25737D7D7D004C6F6720616464725F
:10E97000657373206F766572666C6F7720307825CB
:10E98000303458210D0A004C6F672061646465645F
:10E990003A20747970653D25642C2074696D653D5D
:10E9A0003230253032642D253032642D25303264EA
:10E9B00020253032643A253032643A253032642CD6
:10E9C000206964783D25642C20636F756E743D2545
:10E9D000640D0A000D0A3D3D3D202573203D3D3D5F
:10E9E0000D0A00202025642E2025730D0A003E20EC
:10E9F00025642E2025730D0A003D3D3D3D3D3D3DE6
:10EA00003D3D3D3D3D3D3D3D3D3D3D3D3D3D3D3D36
:10EA10003D0D005772697465204661696C6564211B
:10EA200000566572696679204661696C65642100EB
:10EA300041646D696E206F6E6C7921002D2D2D2D36
:10EA40002D2D2D2D2D2D2D2D2D2D2D2D0044656C95
:10EA5000657465204F6E652046500044656C657492
:10EA60006520416C6C204650005549443A202530C1
:10EA7000325825303258253032582530325800432C
:10EA8000616E63656C6C65640044656C6574696F88
:10EA90006E2063616E63656C6C6564004164642024
:10EAA000494320436172640044656C657465204984
:10EAB00043204361726400416464436172640044B2
:10EAC000656C43617264004368616E6765204164F0
:10EAD0006D696E20507764004368616E67652055EC
:10EAE000736572205077640043686741646D5077A6
:10EAF0006400436867557372507764004C6F636BB2
:10EB000000556E6C6F636B0053746F7261676520A4
:10EB100066756C6C00432D4F70656E00462D4F700E
:10EB2000656E00502D4F70656E00522D4F70656EF2
:10EB300000457869742041646D696E00556E6B6E96
:10EB40006F776E0041646446700044656C467000E7
:10EB5000253032642D2530326420253032643A2548
:10EB60003032642025730056696577204C6F6773D7
:10EB7000004E6F2066696E6765727072696E74739D
:10EB80000049432043617264204D676D7400416405
:10EB9000642046696E6765727072696E74004D61BB
:10EBA000696E204D656E750057726F6E67205061FB
:10EBB0007373776F72642100456E74657220362D11
:10EBC000646967697420707764004261636B2074C4
:10EBD0006F2063616E63656C005741524E494E472A
:10EBE0003A2043616E6E6F742072656164206669BD
:10EBF0006E6765727072696E7420757361676520E7
:10EC000066726F6D206D6F64756C6521204B656554
:10EC100070206F6C642076616C75653A20307825C1
:10EC20003032580D0A0057726974654E6F74657002
:10EC30006164207265747279202564206661696C54
:10EC400065642C207265733D3078253032580D0A8A
:10EC500000526561644E6F74657061642072657402
:10EC60007279202564206661696C65640D0A00452F
:10EC70005252000098EC000800000020F80000004C
:10EC800000D5000890ED0008F8000020900F00006B
:10EC900010D5000800000000000000000000000087
:10ECA00000000000FF001E0F0504071A010000000D
:10ECB00010000000FFFFFFFF00127A00001E0F058A
:10ECC00004071A008EEB0008C51F000800000000B2
:10ECD0004DEA0008092B0008000000005BEA00086C
:10ECE000292600080000000092EB00082C000020FC
:10ECF00003000000E80000209CEA00080D20000846
:10ED000000000000A8EA00087127000800000000C9
:10ED100081EB00086000002002000000E8000020F5
:10ED200001EB0008452E000800000000FCEA000886
:10ED3000D12D00080000000092EB00080000000048
:10ED400050000020AFEA000800000000780000201A
:10ED5000D8EA00084124000800000000C7EA0008C3
:10ED6000512200080000000067EB0008CD2E0008CB
:10ED70000000000031EB00082D2200080000000018
:10ED80009EEB000888000020080000000000000042
:04000005080000ED02
:00000001FF
